related_q_id,entry_id,answers
4676,190,1
4729,190,1
4745,190,1
4776,190,-1
4780,190,1
4787,190,1
4794,190,1
4808,190,-1
4814,190,-1
4821,190,1
4827,190,1
4954,190,1
4983,190,1
5127,190,-1
5132,190,-1
5137,190,-1
5142,190,-1
5152,190,-1
5154,190,1
5220,190,1
4676,200,1
4729,200,1
4745,200,1
4776,200,1
4780,200,1
4787,200,1
4794,200,1
4808,200,-1
4814,200,-1
4821,200,-1
4827,200,1
4954,200,1
4983,200,1
5127,200,-1
5132,200,-1
5137,200,-1
5142,200,-1
5152,200,1
5154,200,1
5220,200,-1
4676,230,1
4729,230,-1
4745,230,1
4776,230,1
4780,230,1
4787,230,-1
4794,230,1
4808,230,1
4814,230,1
4821,230,1
4827,230,1
4954,230,1
4983,230,1
5127,230,-1
5132,230,-1
5137,230,-1
5142,230,-1
5152,230,1
5154,230,1
5220,230,-1
4676,263,1
4729,263,1
4745,263,1
4776,263,1
4780,263,1
4787,263,-1
4794,263,-1
4808,263,-1
4814,263,-1
4821,263,1
4827,263,1
4954,263,1
4983,263,-1
5127,263,-1
5132,263,-1
5137,263,-1
5142,263,-1
5152,263,1
5154,263,1
5220,263,-1
4676,284,-1
4729,284,1
4745,284,-1
4776,284,1
4780,284,1
4787,284,-1
4794,284,1
4808,284,-1
4814,284,1
4821,284,1
4827,284,1
4954,284,1
4983,284,1
5127,284,-1
5132,284,-1
5137,284,-1
5142,284,-1
5152,284,-1
5154,284,1
5220,284,-1
4676,294,1
4729,294,1
4745,294,-1
4776,294,1
4780,294,1
4787,294,-1
4794,294,-1
4808,294,-1
4814,294,-1
4821,294,1
4827,294,1
4954,294,-1
4983,294,-1
5127,294,-1
5132,294,-1
5137,294,-1
5142,294,-1
5152,294,-1
5154,294,-1
5220,294,-1
4676,378,-1
4729,378,-1
4745,378,-1
4776,378,-1
4780,378,-1
4787,378,-1
4794,378,-1
4808,378,-1
4814,378,-1
4821,378,-1
4827,378,-1
4954,378,-1
4983,378,-1
5127,378,-1
5132,378,-1
5137,378,-1
5142,378,-1
5152,378,-1
5154,378,-1
5220,378,-1
4676,381,-1
4729,381,1
4745,381,1
4776,381,1
4780,381,1
4787,381,1
4794,381,1
4808,381,-1
4814,381,-1
4821,381,-1
4827,381,1
4954,381,1
4983,381,1
5127,381,-1
5132,381,-1
5137,381,-1
5142,381,-1
5152,381,1
5154,381,-1
5220,381,1
4676,383,-1
4729,383,1
4745,383,1
4776,383,1
4780,383,1
4787,383,1
4794,383,-1
4808,383,-1
4814,383,-1
4821,383,-1
4827,383,1
4954,383,1
4983,383,-1
5127,383,-1
5132,383,-1
5137,383,-1
5142,383,-1
5152,383,1
5154,383,1
5220,383,-1
4676,390,1
4729,390,1
4745,390,1
4776,390,1
4780,390,1
4787,390,1
4794,390,1
4808,390,-1
4814,390,-1
4821,390,-1
4827,390,1
4954,390,1
4983,390,1
5127,390,-1
5132,390,-1
5137,390,-1
5142,390,-1
5152,390,1
5154,390,1
5220,390,-1
4676,392,-1
4729,392,1
4745,392,1
4776,392,1
4780,392,1
4787,392,1
4794,392,1
4808,392,-1
4814,392,-1
4821,392,-1
4827,392,1
4954,392,1
4983,392,1
5127,392,-1
5132,392,-1
5137,392,-1
5142,392,-1
5152,392,1
5154,392,-1
5220,392,1
4676,395,-1
4729,395,1
4745,395,1
4776,395,1
4780,395,1
4787,395,1
4794,395,1
4808,395,-1
4814,395,1
4821,395,1
4827,395,1
4954,395,1
4983,395,1
5127,395,-1
5132,395,-1
5137,395,-1
5142,395,-1
5152,395,-1
5154,395,-1
5220,395,1
4676,400,-1
4729,400,1
4745,400,1
4776,400,1
4780,400,1
4787,400,-1
4794,400,1
4808,400,1
4814,400,1
4821,400,1
4827,400,1
4954,400,1
4983,400,1
5127,400,-1
5132,400,-1
5137,400,-1
5142,400,-1
5152,400,-1
5154,400,1
5220,400,-1
4676,415,1
4729,415,1
4745,415,1
4776,415,1
4780,415,1
4787,415,1
4794,415,1
4808,415,-1
4814,415,-1
4821,415,-1
4827,415,1
4954,415,1
4983,415,1
5127,415,-1
5132,415,-1
5137,415,-1
5142,415,-1
5152,415,1
5154,415,1
5220,415,-1
4676,416,1
4729,416,1
4745,416,-1
4776,416,1
4780,416,1
4787,416,-1
4794,416,-1
4808,416,-1
4814,416,-1
4821,416,1
4827,416,1
4954,416,1
4983,416,1
5127,416,-1
5132,416,-1
5137,416,-1
5142,416,-1
5152,416,1
5154,416,1
5220,416,-1
4676,419,1
4729,419,1
4745,419,1
4776,419,1
4780,419,1
4787,419,1
4794,419,1
4808,419,-1
4814,419,-1
4821,419,-1
4827,419,1
4954,419,1
4983,419,1
5127,419,-1
5132,419,-1
5137,419,-1
5142,419,-1
5152,419,-1
5154,419,-1
5220,419,-1
4676,420,-1
4729,420,1
4745,420,1
4776,420,1
4780,420,1
4787,420,1
4794,420,1
4808,420,-1
4814,420,-1
4821,420,-1
4827,420,1
4954,420,1
4983,420,1
5127,420,-1
5132,420,-1
5137,420,-1
5142,420,-1
5152,420,1
5154,420,1
5220,420,-1
4676,440,1
4729,440,1
4745,440,1
4776,440,1
4780,440,1
4787,440,1
4794,440,1
4808,440,-1
4814,440,-1
4821,440,-1
4827,440,1
4954,440,1
4983,440,1
5127,440,-1
5132,440,-1
5137,440,-1
5142,440,-1
5152,440,1
5154,440,1
5220,440,-1
4676,442,-1
4729,442,1
4745,442,1
4776,442,1
4780,442,1
4787,442,-1
4794,442,1
4808,442,-1
4814,442,-1
4821,442,1
4827,442,1
4954,442,1
4983,442,1
5127,442,-1
5132,442,-1
5137,442,-1
5142,442,-1
5152,442,1
5154,442,1
5220,442,-1
4676,469,-1
4729,469,1
4745,469,1
4776,469,1
4780,469,1
4787,469,1
4794,469,1
4808,469,-1
4814,469,-1
4821,469,1
4827,469,-1
4954,469,-1
4983,469,-1
5127,469,-1
5132,469,-1
5137,469,-1
5142,469,-1
5152,469,1
5154,469,1
5220,469,-1
4676,472,-1
4729,472,1
4745,472,1
4776,472,1
4780,472,1
4787,472,1
4794,472,1
4808,472,-1
4814,472,1
4821,472,-1
4827,472,1
4954,472,1
4983,472,-1
5127,472,-1
5132,472,-1
5137,472,-1
5142,472,-1
5152,472,1
5154,472,1
5220,472,-1
4676,476,1
4729,476,1
4745,476,1
4776,476,1
4780,476,1
4787,476,-1
4794,476,1
4808,476,-1
4814,476,1
4821,476,1
4827,476,1
4954,476,1
4983,476,1
5127,476,-1
5132,476,-1
5137,476,-1
5142,476,-1
5152,476,1
5154,476,1
5220,476,1
4676,478,1
4729,478,1
4745,478,1
4776,478,1
4780,478,1
4787,478,1
4794,478,1
4808,478,-1
4814,478,-1
4821,478,1
4827,478,1
4954,478,1
4983,478,1
5127,478,-1
5132,478,-1
5137,478,-1
5142,478,-1
5152,478,-1
5154,478,-1
5220,478,-1
4676,483,-1
4729,483,1
4745,483,1
4776,483,1
4780,483,1
4787,483,-1
4794,483,1
4808,483,-1
4814,483,-1
4821,483,1
4827,483,1
4954,483,1
4983,483,1
5127,483,-1
5132,483,-1
5137,483,-1
5142,483,-1
5152,483,1
5154,483,1
5220,483,-1
4676,484,-1
4729,484,1
4745,484,-1
4776,484,1
4780,484,1
4787,484,-1
4794,484,1
4808,484,-1
4814,484,-1
4821,484,1
4827,484,1
4954,484,1
4983,484,1
5127,484,-1
5132,484,-1
5137,484,-1
5142,484,-1
5152,484,1
5154,484,-1
5220,484,-1
4676,486,-1
4729,486,1
4745,486,1
4776,486,1
4780,486,1
4787,486,-1
4794,486,1
4808,486,-1
4814,486,-1
4821,486,1
4827,486,1
4954,486,1
4983,486,-1
5127,486,-1
5132,486,-1
5137,486,-1
5142,486,-1
5152,486,-1
5154,486,1
5220,486,-1
4676,490,1
4729,490,1
4745,490,-1
4776,490,1
4780,490,1
4787,490,-1
4794,490,1
4808,490,-1
4814,490,-1
4821,490,1
4827,490,1
4954,490,-1
4983,490,1
5127,490,-1
5132,490,-1
5137,490,-1
5142,490,-1
5152,490,1
5154,490,1
5220,490,-1
4676,520,1
4729,520,1
4745,520,1
4776,520,1
4780,520,1
4787,520,1
4794,520,1
4808,520,1
4814,520,1
4821,520,-1
4827,520,1
4954,520,1
4983,520,1
5127,520,-1
5132,520,-1
5137,520,-1
5142,520,-1
5152,520,1
5154,520,1
5220,520,1
4676,525,-1
4729,525,1
4745,525,1
4776,525,1
4780,525,1
4787,525,-1
4794,525,1
4808,525,-1
4814,525,-1
4821,525,1
4827,525,1
4954,525,1
4983,525,-1
5127,525,-1
5132,525,-1
5137,525,-1
5142,525,-1
5152,525,-1
5154,525,1
5220,525,-1
4676,526,-1
4729,526,1
4745,526,1
4776,526,1
4780,526,1
4787,526,-1
4794,526,-1
4808,526,-1
4814,526,-1
4821,526,1
4827,526,1
4954,526,1
4983,526,1
5127,526,-1
5132,526,-1
5137,526,-1
5142,526,-1
5152,526,1
5154,526,1
5220,526,1
4676,534,1
4729,534,-1
4745,534,1
4776,534,1
4780,534,1
4787,534,-1
4794,534,1
4808,534,1
4814,534,1
4821,534,1
4827,534,1
4954,534,1
4983,534,1
5127,534,-1
5132,534,-1
5137,534,-1
5142,534,-1
5152,534,1
5154,534,1
5220,534,1
4676,562,1
4729,562,1
4745,562,-1
4776,562,1
4780,562,1
4787,562,1
4794,562,1
4808,562,-1
4814,562,-1
4821,562,1
4827,562,1
4954,562,1
4983,562,1
5127,562,-1
5132,562,-1
5137,562,-1
5142,562,-1
5152,562,1
5154,562,1
5220,562,1
4676,563,-1
4729,563,1
4745,563,-1
4776,563,1
4780,563,1
4787,563,1
4794,563,1
4808,563,-1
4814,563,-1
4821,563,-1
4827,563,1
4954,563,1
4983,563,1
5127,563,-1
5132,563,-1
5137,563,-1
5142,563,-1
5152,563,1
5154,563,1
5220,563,-1
4676,564,-1
4729,564,1
4745,564,1
4776,564,1
4780,564,1
4787,564,-1
4794,564,-1
4808,564,-1
4814,564,-1
4821,564,1
4827,564,1
4954,564,1
4983,564,1
5127,564,-1
5132,564,-1
5137,564,-1
5142,564,-1
5152,564,1
5154,564,1
5220,564,1
4676,570,-1
4729,570,1
4745,570,-1
4776,570,1
4780,570,1
4787,570,1
4794,570,-1
4808,570,-1
4814,570,-1
4821,570,-1
4827,570,1
4954,570,1
4983,570,-1
5127,570,-1
5132,570,-1
5137,570,-1
5142,570,-1
5152,570,-1
5154,570,-1
5220,570,-1
4676,580,1
4729,580,1
4745,580,-1
4776,580,1
4780,580,1
4787,580,1
4794,580,1
4808,580,-1
4814,580,-1
4821,580,1
4827,580,1
4954,580,-1
4983,580,1
5127,580,-1
5132,580,-1
5137,580,-1
5142,580,-1
5152,580,1
5154,580,1
5220,580,-1
4676,592,-1
4729,592,1
4745,592,1
4776,592,1
4780,592,1
4787,592,1
4794,592,1
4808,592,-1
4814,592,1
4821,592,1
4827,592,1
4954,592,1
4983,592,1
5127,592,-1
5132,592,-1
5137,592,-1
5142,592,-1
5152,592,1
5154,592,-1
5220,592,-1
4676,624,1
4729,624,1
4745,624,-1
4776,624,1
4780,624,1
4787,624,-1
4794,624,1
4808,624,-1
4814,624,-1
4821,624,1
4827,624,1
4954,624,1
4983,624,1
5127,624,-1
5132,624,-1
5137,624,-1
5142,624,-1
5152,624,1
5154,624,1
5220,624,1
4676,629,-1
4729,629,1
4745,629,1
4776,629,1
4780,629,1
4787,629,1
4794,629,1
4808,629,1
4814,629,-1
4821,629,1
4827,629,1
4954,629,1
4983,629,1
5127,629,-1
5132,629,-1
5137,629,-1
5142,629,-1
5152,629,1
5154,629,1
5220,629,-1
4676,632,1
4729,632,1
4745,632,1
4776,632,1
4780,632,1
4787,632,-1
4794,632,1
4808,632,-1
4814,632,1
4821,632,1
4827,632,1
4954,632,1
4983,632,1
5127,632,-1
5132,632,-1
5137,632,-1
5142,632,-1
5152,632,1
5154,632,1
5220,632,-1
4676,645,-1
4729,645,1
4745,645,1
4776,645,-1
4780,645,1
4787,645,-1
4794,645,1
4808,645,-1
4814,645,-1
4821,645,1
4827,645,1
4954,645,1
4983,645,1
5127,645,-1
5132,645,-1
5137,645,-1
5142,645,-1
5152,645,1
5154,645,1
5220,645,-1
4676,646,-1
4729,646,1
4745,646,-1
4776,646,1
4780,646,1
4787,646,1
4794,646,1
4808,646,-1
4814,646,1
4821,646,1
4827,646,1
4954,646,1
4983,646,1
5127,646,-1
5132,646,-1
5137,646,-1
5142,646,-1
5152,646,1
5154,646,1
5220,646,1
4676,649,1
4729,649,1
4745,649,1
4776,649,1
4780,649,1
4787,649,1
4794,649,1
4808,649,-1
4814,649,-1
4821,649,-1
4827,649,1
4954,649,-1
4983,649,-1
5127,649,-1
5132,649,-1
5137,649,-1
5142,649,-1
5152,649,-1
5154,649,-1
5220,649,-1
4676,654,1
4729,654,1
4745,654,1
4776,654,1
4780,654,1
4787,654,-1
4794,654,1
4808,654,-1
4814,654,-1
4821,654,1
4827,654,1
4954,654,1
4983,654,1
5127,654,-1
5132,654,-1
5137,654,-1
5142,654,-1
5152,654,1
5154,654,1
5220,654,-1
4676,661,1
4729,661,1
4745,661,1
4776,661,1
4780,661,1
4787,661,-1
4794,661,1
4808,661,-1
4814,661,-1
4821,661,1
4827,661,1
4954,661,1
4983,661,1
5127,661,-1
5132,661,-1
5137,661,-1
5142,661,-1
5152,661,1
5154,661,1
5220,661,-1
4676,679,1
4729,679,-1
4745,679,-1
4776,679,1
4780,679,1
4787,679,1
4794,679,1
4808,679,1
4814,679,-1
4821,679,-1
4827,679,1
4954,679,1
4983,679,1
5127,679,-1
5132,679,-1
5137,679,-1
5142,679,-1
5152,679,-1
5154,679,1
5220,679,-1
4676,680,-1
4729,680,1
4745,680,1
4776,680,1
4780,680,1
4787,680,1
4794,680,-1
4808,680,-1
4814,680,-1
4821,680,-1
4827,680,1
4954,680,1
4983,680,1
5127,680,-1
5132,680,-1
5137,680,-1
5142,680,-1
5152,680,-1
5154,680,-1
5220,680,-1
4676,690,-1
4729,690,1
4745,690,1
4776,690,1
4780,690,1
4787,690,-1
4794,690,1
4808,690,-1
4814,690,1
4821,690,1
4827,690,1
4954,690,1
4983,690,-1
5127,690,-1
5132,690,-1
5137,690,-1
5142,690,-1
5152,690,1
5154,690,1
5220,690,-1
4676,714,1
4729,714,1
4745,714,1
4776,714,1
4780,714,1
4787,714,1
4794,714,1
4808,714,-1
4814,714,-1
4821,714,-1
4827,714,1
4954,714,1
4983,714,1
5127,714,-1
5132,714,-1
5137,714,-1
5142,714,-1
5152,714,1
5154,714,1
5220,714,1
4676,738,1
4729,738,1
4745,738,1
4776,738,1
4780,738,1
4787,738,-1
4794,738,1
4808,738,-1
4814,738,1
4821,738,1
4827,738,1
4954,738,1
4983,738,1
5127,738,-1
5132,738,-1
5137,738,-1
5142,738,-1
5152,738,1
5154,738,1
5220,738,1
4676,742,-1
4729,742,1
4745,742,1
4776,742,-1
4780,742,1
4787,742,1
4794,742,1
4808,742,-1
4814,742,-1
4821,742,-1
4827,742,-1
4954,742,-1
4983,742,-1
5127,742,-1
5132,742,-1
5137,742,-1
5142,742,-1
5152,742,1
5154,742,1
5220,742,1
4676,749,-1
4729,749,-1
4745,749,-1
4776,749,1
4780,749,1
4787,749,1
4794,749,-1
4808,749,1
4814,749,1
4821,749,1
4827,749,1
4954,749,1
4983,749,1
5127,749,-1
5132,749,-1
5137,749,-1
5142,749,-1
5152,749,1
5154,749,1
5220,749,-1
4676,755,-1
4729,755,1
4745,755,1
4776,755,1
4780,755,1
4787,755,-1
4794,755,1
4808,755,-1
4814,755,-1
4821,755,1
4827,755,1
4954,755,-1
4983,755,1
5127,755,-1
5132,755,-1
5137,755,-1
5142,755,-1
5152,755,-1
5154,755,-1
5220,755,1
4676,788,1
4729,788,1
4745,788,1
4776,788,1
4780,788,1
4787,788,-1
4794,788,1
4808,788,-1
4814,788,1
4821,788,1
4827,788,1
4954,788,1
4983,788,1
5127,788,-1
5132,788,-1
5137,788,-1
5142,788,-1
5152,788,1
5154,788,1
5220,788,1
4676,839,1
4729,839,1
4745,839,1
4776,839,1
4780,839,1
4787,839,-1
4794,839,1
4808,839,-1
4814,839,-1
4821,839,1
4827,839,1
4954,839,1
4983,839,1
5127,839,-1
5132,839,-1
5137,839,-1
5142,839,-1
5152,839,-1
5154,839,-1
5220,839,-1
4676,841,1
4729,841,1
4745,841,1
4776,841,1
4780,841,1
4787,841,1
4794,841,1
4808,841,-1
4814,841,1
4821,841,1
4827,841,1
4954,841,1
4983,841,1
5127,841,-1
5132,841,-1
5137,841,-1
5142,841,-1
5152,841,-1
5154,841,1
5220,841,1
4676,842,-1
4729,842,1
4745,842,-1
4776,842,1
4780,842,1
4787,842,-1
4794,842,-1
4808,842,-1
4814,842,-1
4821,842,1
4827,842,1
4954,842,1
4983,842,-1
5127,842,-1
5132,842,-1
5137,842,-1
5142,842,-1
5152,842,-1
5154,842,1
5220,842,-1
4676,848,1
4729,848,1
4745,848,1
4776,848,-1
4780,848,-1
4787,848,-1
4794,848,1
4808,848,-1
4814,848,1
4821,848,1
4827,848,1
4954,848,-1
4983,848,-1
5127,848,-1
5132,848,-1
5137,848,-1
5142,848,-1
5152,848,-1
5154,848,1
5220,848,-1
4676,849,-1
4729,849,1
4745,849,-1
4776,849,1
4780,849,1
4787,849,-1
4794,849,-1
4808,849,-1
4814,849,-1
4821,849,-1
4827,849,1
4954,849,1
4983,849,1
5127,849,-1
5132,849,-1
5137,849,-1
5142,849,-1
5152,849,-1
5154,849,1
5220,849,-1
4676,851,-1
4729,851,1
4745,851,1
4776,851,1
4780,851,1
4787,851,1
4794,851,1
4808,851,-1
4814,851,-1
4821,851,-1
4827,851,1
4954,851,1
4983,851,1
5127,851,-1
5132,851,-1
5137,851,-1
5142,851,-1
5152,851,-1
5154,851,1
5220,851,1
4676,854,1
4729,854,1
4745,854,1
4776,854,1
4780,854,1
4787,854,1
4794,854,-1
4808,854,-1
4814,854,1
4821,854,1
4827,854,1
4954,854,1
4983,854,1
5127,854,-1
5132,854,1
5137,854,1
5142,854,-1
5152,854,1
5154,854,1
5220,854,1
4676,855,1
4729,855,1
4745,855,1
4776,855,1
4780,855,1
4787,855,-1
4794,855,1
4808,855,-1
4814,855,-1
4821,855,1
4827,855,1
4954,855,1
4983,855,1
5127,855,-1
5132,855,-1
5137,855,-1
5142,855,-1
5152,855,-1
5154,855,1
5220,855,-1
4676,857,-1
4729,857,1
4745,857,-1
4776,857,1
4780,857,1
4787,857,-1
4794,857,-1
4808,857,-1
4814,857,-1
4821,857,1
4827,857,1
4954,857,1
4983,857,1
5127,857,-1
5132,857,-1
5137,857,-1
5142,857,-1
5152,857,-1
5154,857,-1
5220,857,-1
4676,860,-1
4729,860,-1
4745,860,-1
4776,860,1
4780,860,1
4787,860,1
4794,860,-1
4808,860,-1
4814,860,1
4821,860,1
4827,860,1
4954,860,1
4983,860,-1
5127,860,-1
5132,860,-1
5137,860,-1
5142,860,-1
5152,860,1
5154,860,1
5220,860,-1
4676,862,-1
4729,862,1
4745,862,1
4776,862,1
4780,862,1
4787,862,1
4794,862,1
4808,862,-1
4814,862,-1
4821,862,-1
4827,862,1
4954,862,-1
4983,862,-1
5127,862,-1
5132,862,-1
5137,862,-1
5142,862,-1
5152,862,-1
5154,862,-1
5220,862,-1
4676,867,-1
4729,867,1
4745,867,1
4776,867,1
4780,867,1
4787,867,1
4794,867,1
4808,867,-1
4814,867,1
4821,867,1
4827,867,1
4954,867,-1
4983,867,1
5127,867,-1
5132,867,-1
5137,867,-1
5142,867,-1
5152,867,1
5154,867,1
5220,867,1
4676,869,1
4729,869,1
4745,869,1
4776,869,1
4780,869,1
4787,869,1
4794,869,1
4808,869,-1
4814,869,-1
4821,869,1
4827,869,1
4954,869,1
4983,869,1
5127,869,-1
5132,869,-1
5137,869,-1
5142,869,-1
5152,869,1
5154,869,1
5220,869,1
4676,871,-1
4729,871,-1
4745,871,-1
4776,871,1
4780,871,1
4787,871,-1
4794,871,-1
4808,871,-1
4814,871,-1
4821,871,1
4827,871,1
4954,871,-1
4983,871,-1
5127,871,-1
5132,871,-1
5137,871,-1
5142,871,-1
5152,871,-1
5154,871,-1
5220,871,-1
4676,873,-1
4729,873,1
4745,873,-1
4776,873,1
4780,873,1
4787,873,-1
4794,873,-1
4808,873,-1
4814,873,-1
4821,873,1
4827,873,1
4954,873,1
4983,873,1
5127,873,-1
5132,873,-1
5137,873,-1
5142,873,-1
5152,873,1
5154,873,1
5220,873,-1
4676,877,-1
4729,877,1
4745,877,1
4776,877,1
4780,877,1
4787,877,1
4794,877,1
4808,877,-1
4814,877,-1
4821,877,1
4827,877,1
4954,877,-1
4983,877,-1
5127,877,-1
5132,877,-1
5137,877,-1
5142,877,-1
5152,877,-1
5154,877,-1
5220,877,-1
4676,879,-1
4729,879,1
4745,879,-1
4776,879,1
4780,879,1
4787,879,-1
4794,879,-1
4808,879,-1
4814,879,-1
4821,879,1
4827,879,1
4954,879,1
4983,879,1
5127,879,-1
5132,879,-1
5137,879,-1
5142,879,-1
5152,879,-1
5154,879,-1
5220,879,-1
4676,880,-1
4729,880,1
4745,880,-1
4776,880,1
4780,880,1
4787,880,-1
4794,880,-1
4808,880,-1
4814,880,-1
4821,880,1
4827,880,1
4954,880,1
4983,880,1
5127,880,-1
5132,880,-1
5137,880,-1
5142,880,-1
5152,880,1
5154,880,1
5220,880,-1
4676,884,1
4729,884,1
4745,884,-1
4776,884,1
4780,884,1
4787,884,-1
4794,884,-1
4808,884,-1
4814,884,-1
4821,884,1
4827,884,1
4954,884,1
4983,884,1
5127,884,-1
5132,884,-1
5137,884,-1
5142,884,-1
5152,884,-1
5154,884,1
5220,884,-1
4676,885,-1
4729,885,1
4745,885,1
4776,885,1
4780,885,1
4787,885,1
4794,885,1
4808,885,1
4814,885,1
4821,885,1
4827,885,1
4954,885,1
4983,885,1
5127,885,-1
5132,885,-1
5137,885,-1
5142,885,-1
5152,885,1
5154,885,1
5220,885,1
4676,886,-1
4729,886,1
4745,886,-1
4776,886,1
4780,886,1
4787,886,1
4794,886,1
4808,886,-1
4814,886,1
4821,886,1
4827,886,1
4954,886,1
4983,886,1
5127,886,-1
5132,886,-1
5137,886,-1
5142,886,-1
5152,886,1
5154,886,1
5220,886,-1
4676,891,-1
4729,891,1
4745,891,1
4776,891,1
4780,891,1
4787,891,1
4794,891,1
4808,891,-1
4814,891,1
4821,891,1
4827,891,1
4954,891,1
4983,891,1
5127,891,-1
5132,891,-1
5137,891,-1
5142,891,-1
5152,891,1
5154,891,1
5220,891,-1
4676,892,-1
4729,892,1
4745,892,-1
4776,892,1
4780,892,1
4787,892,-1
4794,892,-1
4808,892,-1
4814,892,-1
4821,892,1
4827,892,1
4954,892,1
4983,892,1
5127,892,-1
5132,892,-1
5137,892,-1
5142,892,-1
5152,892,-1
5154,892,-1
5220,892,-1
4676,894,1
4729,894,1
4745,894,-1
4776,894,1
4780,894,1
4787,894,-1
4794,894,-1
4808,894,-1
4814,894,-1
4821,894,-1
4827,894,1
4954,894,1
4983,894,1
5127,894,-1
5132,894,-1
5137,894,-1
5142,894,-1
5152,894,-1
5154,894,-1
5220,894,-1
4676,896,1
4729,896,1
4745,896,1
4776,896,1
4780,896,1
4787,896,1
4794,896,-1
4808,896,-1
4814,896,-1
4821,896,-1
4827,896,1
4954,896,1
4983,896,1
5127,896,-1
5132,896,-1
5137,896,-1
5142,896,-1
5152,896,-1
5154,896,1
5220,896,-1
4676,898,-1
4729,898,1
4745,898,-1
4776,898,1
4780,898,1
4787,898,-1
4794,898,1
4808,898,-1
4814,898,-1
4821,898,-1
4827,898,1
4954,898,-1
4983,898,1
5127,898,-1
5132,898,-1
5137,898,-1
5142,898,-1
5152,898,-1
5154,898,-1
5220,898,-1
4676,899,1
4729,899,1
4745,899,1
4776,899,1
4780,899,1
4787,899,-1
4794,899,1
4808,899,-1
4814,899,-1
4821,899,1
4827,899,1
4954,899,1
4983,899,1
5127,899,-1
5132,899,-1
5137,899,-1
5142,899,-1
5152,899,1
5154,899,1
5220,899,-1
4676,910,-1
4729,910,1
4745,910,-1
4776,910,1
4780,910,1
4787,910,-1
4794,910,-1
4808,910,-1
4814,910,1
4821,910,1
4827,910,1
4954,910,1
4983,910,1
5127,910,-1
5132,910,-1
5137,910,-1
5142,910,-1
5152,910,1
5154,910,-1
5220,910,-1
4676,914,1
4729,914,1
4745,914,-1
4776,914,1
4780,914,1
4787,914,-1
4794,914,1
4808,914,-1
4814,914,-1
4821,914,1
4827,914,1
4954,914,1
4983,914,1
5127,914,-1
5132,914,-1
5137,914,-1
5142,914,-1
5152,914,1
5154,914,1
5220,914,-1
4676,915,-1
4729,915,1
4745,915,-1
4776,915,1
4780,915,1
4787,915,-1
4794,915,-1
4808,915,-1
4814,915,-1
4821,915,1
4827,915,1
4954,915,1
4983,915,-1
5127,915,-1
5132,915,-1
5137,915,-1
5142,915,-1
5152,915,-1
5154,915,1
5220,915,-1
4676,919,1
4729,919,1
4745,919,1
4776,919,1
4780,919,1
4787,919,-1
4794,919,-1
4808,919,-1
4814,919,-1
4821,919,1
4827,919,1
4954,919,1
4983,919,1
5127,919,-1
5132,919,-1
5137,919,-1
5142,919,-1
5152,919,1
5154,919,-1
5220,919,-1
4676,921,1
4729,921,1
4745,921,-1
4776,921,1
4780,921,1
4787,921,-1
4794,921,1
4808,921,-1
4814,921,1
4821,921,1
4827,921,1
4954,921,1
4983,921,1
5127,921,-1
5132,921,-1
5137,921,-1
5142,921,-1
5152,921,1
5154,921,1
5220,921,1
4676,925,1
4729,925,1
4745,925,-1
4776,925,1
4780,925,1
4787,925,-1
4794,925,-1
4808,925,-1
4814,925,-1
4821,925,1
4827,925,1
4954,925,1
4983,925,1
5127,925,-1
5132,925,-1
5137,925,-1
5142,925,-1
5152,925,1
5154,925,1
5220,925,1
4676,926,1
4729,926,1
4745,926,1
4776,926,1
4780,926,1
4787,926,1
4794,926,1
4808,926,-1
4814,926,-1
4821,926,-1
4827,926,1
4954,926,1
4983,926,1
5127,926,-1
5132,926,-1
5137,926,-1
5142,926,-1
5152,926,1
5154,926,1
5220,926,1
4676,928,-1
4729,928,-1
4745,928,-1
4776,928,1
4780,928,1
4787,928,-1
4794,928,-1
4808,928,-1
4814,928,-1
4821,928,1
4827,928,1
4954,928,1
4983,928,1
5127,928,-1
5132,928,-1
5137,928,-1
5142,928,-1
5152,928,1
5154,928,1
5220,928,-1
4676,929,1
4729,929,1
4745,929,1
4776,929,1
4780,929,-1
4787,929,1
4794,929,1
4808,929,-1
4814,929,1
4821,929,1
4827,929,1
4954,929,1
4983,929,-1
5127,929,-1
5132,929,-1
5137,929,-1
5142,929,-1
5152,929,-1
5154,929,-1
5220,929,-1
4676,931,1
4729,931,1
4745,931,1
4776,931,1
4780,931,1
4787,931,-1
4794,931,1
4808,931,-1
4814,931,1
4821,931,1
4827,931,1
4954,931,1
4983,931,1
5127,931,-1
5132,931,-1
5137,931,-1
5142,931,-1
5152,931,1
5154,931,1
5220,931,-1
4676,933,-1
4729,933,1
4745,933,-1
4776,933,1
4780,933,1
4787,933,-1
4794,933,-1
4808,933,-1
4814,933,-1
4821,933,1
4827,933,1
4954,933,1
4983,933,1
5127,933,-1
5132,933,-1
5137,933,-1
5142,933,1
5152,933,1
5154,933,1
5220,933,-1
4676,935,-1
4729,935,1
4745,935,1
4776,935,1
4780,935,1
4787,935,-1
4794,935,-1
4808,935,-1
4814,935,-1
4821,935,1
4827,935,1
4954,935,1
4983,935,1
5127,935,-1
5132,935,-1
5137,935,-1
5142,935,-1
5152,935,-1
5154,935,1
5220,935,-1
4676,937,1
4729,937,1
4745,937,1
4776,937,1
4780,937,1
4787,937,-1
4794,937,1
4808,937,1
4814,937,1
4821,937,1
4827,937,1
4954,937,1
4983,937,1
5127,937,-1
5132,937,-1
5137,937,-1
5142,937,-1
5152,937,-1
5154,937,1
5220,937,-1
4676,938,1
4729,938,-1
4745,938,1
4776,938,1
4780,938,1
4787,938,-1
4794,938,1
4808,938,-1
4814,938,1
4821,938,1
4827,938,1
4954,938,-1
4983,938,1
5127,938,-1
5132,938,-1
5137,938,-1
5142,938,-1
5152,938,1
5154,938,1
5220,938,1
4676,942,-1
4729,942,1
4745,942,-1
4776,942,1
4780,942,1
4787,942,-1
4794,942,-1
4808,942,-1
4814,942,-1
4821,942,1
4827,942,1
4954,942,1
4983,942,1
5127,942,-1
5132,942,-1
5137,942,-1
5142,942,-1
5152,942,-1
5154,942,-1
5220,942,-1
4676,943,1
4729,943,1
4745,943,1
4776,943,1
4780,943,1
4787,943,-1
4794,943,1
4808,943,-1
4814,943,-1
4821,943,1
4827,943,1
4954,943,1
4983,943,1
5127,943,-1
5132,943,-1
5137,943,-1
5142,943,-1
5152,943,1
5154,943,1
5220,943,-1
4676,946,1
4729,946,1
4745,946,1
4776,946,1
4780,946,1
4787,946,1
4794,946,1
4808,946,-1
4814,946,1
4821,946,-1
4827,946,1
4954,946,1
4983,946,1
5127,946,-1
5132,946,-1
5137,946,-1
5142,946,-1
5152,946,1
5154,946,1
5220,946,-1
4676,949,-1
4729,949,-1
4745,949,-1
4776,949,1
4780,949,1
4787,949,1
4794,949,-1
4808,949,-1
4814,949,1
4821,949,-1
4827,949,1
4954,949,-1
4983,949,-1
5127,949,-1
5132,949,-1
5137,949,-1
5142,949,-1
5152,949,-1
5154,949,-1
5220,949,-1
4676,950,-1
4729,950,1
4745,950,-1
4776,950,1
4780,950,1
4787,950,-1
4794,950,-1
4808,950,-1
4814,950,-1
4821,950,1
4827,950,1
4954,950,1
4983,950,1
5127,950,-1
5132,950,-1
5137,950,-1
5142,950,-1
5152,950,-1
5154,950,-1
5220,950,-1
4676,952,1
4729,952,1
4745,952,1
4776,952,1
4780,952,1
4787,952,-1
4794,952,1
4808,952,-1
4814,952,-1
4821,952,1
4827,952,1
4954,952,1
4983,952,-1
5127,952,-1
5132,952,-1
5137,952,-1
5142,952,-1
5152,952,-1
5154,952,1
5220,952,1
4676,958,-1
4729,958,1
4745,958,1
4776,958,1
4780,958,1
4787,958,-1
4794,958,1
4808,958,-1
4814,958,1
4821,958,1
4827,958,1
4954,958,1
4983,958,1
5127,958,-1
5132,958,-1
5137,958,-1
5142,958,-1
5152,958,-1
5154,958,1
5220,958,-1
4676,960,1
4729,960,1
4745,960,1
4776,960,1
4780,960,1
4787,960,1
4794,960,1
4808,960,-1
4814,960,1
4821,960,1
4827,960,1
4954,960,1
4983,960,1
5127,960,-1
5132,960,-1
5137,960,-1
5142,960,-1
5152,960,1
5154,960,1
5220,960,1
4676,961,1
4729,961,1
4745,961,1
4776,961,1
4780,961,1
4787,961,-1
4794,961,1
4808,961,-1
4814,961,-1
4821,961,1
4827,961,1
4954,961,1
4983,961,1
5127,961,-1
5132,961,-1
5137,961,-1
5142,961,-1
5152,961,1
5154,961,-1
5220,961,-1
4676,962,1
4729,962,1
4745,962,1
4776,962,1
4780,962,1
4787,962,1
4794,962,1
4808,962,-1
4814,962,1
4821,962,1
4827,962,1
4954,962,-1
4983,962,1
5127,962,-1
5132,962,-1
5137,962,-1
5142,962,-1
5152,962,-1
5154,962,-1
5220,962,1
4676,963,1
4729,963,1
4745,963,1
4776,963,1
4780,963,1
4787,963,-1
4794,963,1
4808,963,-1
4814,963,-1
4821,963,1
4827,963,1
4954,963,1
4983,963,1
5127,963,-1
5132,963,-1
5137,963,-1
5142,963,-1
5152,963,1
5154,963,1
5220,963,-1
4676,964,1
4729,964,1
4745,964,1
4776,964,1
4780,964,1
4787,964,1
4794,964,1
4808,964,-1
4814,964,-1
4821,964,1
4827,964,1
4954,964,-1
4983,964,-1
5127,964,-1
5132,964,-1
5137,964,-1
5142,964,-1
5152,964,-1
5154,964,-1
5220,964,-1
4676,966,1
4729,966,1
4745,966,1
4776,966,1
4780,966,1
4787,966,-1
4794,966,1
4808,966,-1
4814,966,-1
4821,966,1
4827,966,1
4954,966,1
4983,966,1
5127,966,-1
5132,966,-1
5137,966,-1
5142,966,-1
5152,966,1
5154,966,1
5220,966,-1
4676,967,-1
4729,967,1
4745,967,-1
4776,967,-1
4780,967,-1
4787,967,-1
4794,967,-1
4808,967,-1
4814,967,-1
4821,967,1
4827,967,-1
4954,967,-1
4983,967,-1
5127,967,-1
5132,967,-1
5137,967,-1
5142,967,-1
5152,967,-1
5154,967,-1
5220,967,-1
4676,968,-1
4729,968,1
4745,968,-1
4776,968,1
4780,968,1
4787,968,-1
4794,968,-1
4808,968,-1
4814,968,-1
4821,968,1
4827,968,1
4954,968,1
4983,968,1
5127,968,-1
5132,968,-1
5137,968,-1
5142,968,-1
5152,968,1
5154,968,1
5220,968,-1
4676,969,-1
4729,969,1
4745,969,-1
4776,969,1
4780,969,1
4787,969,1
4794,969,-1
4808,969,-1
4814,969,-1
4821,969,-1
4827,969,-1
4954,969,-1
4983,969,-1
5127,969,-1
5132,969,-1
5137,969,-1
5142,969,-1
5152,969,1
5154,969,1
5220,969,-1
4676,970,1
4729,970,1
4745,970,1
4776,970,1
4780,970,1
4787,970,-1
4794,970,1
4808,970,-1
4814,970,1
4821,970,1
4827,970,1
4954,970,1
4983,970,1
5127,970,-1
5132,970,-1
5137,970,-1
5142,970,-1
5152,970,1
5154,970,1
5220,970,1
4676,971,1
4729,971,1
4745,971,1
4776,971,1
4780,971,1
4787,971,1
4794,971,-1
4808,971,-1
4814,971,-1
4821,971,1
4827,971,1
4954,971,1
4983,971,-1
5127,971,-1
5132,971,-1
5137,971,-1
5142,971,-1
5152,971,1
5154,971,1
5220,971,-1
4676,973,1
4729,973,1
4745,973,-1
4776,973,1
4780,973,1
4787,973,-1
4794,973,1
4808,973,-1
4814,973,1
4821,973,1
4827,973,1
4954,973,1
4983,973,1
5127,973,-1
5132,973,-1
5137,973,-1
5142,973,-1
5152,973,1
5154,973,1
5220,973,1
4676,974,1
4729,974,1
4745,974,1
4776,974,1
4780,974,1
4787,974,-1
4794,974,1
4808,974,-1
4814,974,-1
4821,974,1
4827,974,1
4954,974,1
4983,974,1
5127,974,-1
5132,974,-1
5137,974,-1
5142,974,-1
5152,974,1
5154,974,1
5220,974,-1
4676,975,-1
4729,975,1
4745,975,-1
4776,975,1
4780,975,1
4787,975,-1
4794,975,-1
4808,975,-1
4814,975,-1
4821,975,1
4827,975,1
4954,975,1
4983,975,1
5127,975,-1
5132,975,-1
5137,975,-1
5142,975,-1
5152,975,-1
5154,975,-1
5220,975,-1
4676,976,1
4729,976,1
4745,976,-1
4776,976,1
4780,976,1
4787,976,1
4794,976,1
4808,976,-1
4814,976,1
4821,976,1
4827,976,1
4954,976,1
4983,976,1
5127,976,-1
5132,976,-1
5137,976,-1
5142,976,-1
5152,976,-1
5154,976,1
5220,976,-1
4676,977,-1
4729,977,1
4745,977,1
4776,977,1
4780,977,1
4787,977,-1
4794,977,1
4808,977,-1
4814,977,-1
4821,977,1
4827,977,1
4954,977,1
4983,977,1
5127,977,-1
5132,977,-1
5137,977,-1
5142,977,-1
5152,977,-1
5154,977,1
5220,977,-1
4676,978,1
4729,978,1
4745,978,1
4776,978,1
4780,978,1
4787,978,-1
4794,978,1
4808,978,-1
4814,978,1
4821,978,1
4827,978,1
4954,978,1
4983,978,-1
5127,978,-1
5132,978,-1
5137,978,-1
5142,978,-1
5152,978,-1
5154,978,1
5220,978,-1
4676,981,-1
4729,981,1
4745,981,-1
4776,981,1
4780,981,-1
4787,981,-1
4794,981,-1
4808,981,-1
4814,981,-1
4821,981,1
4827,981,1
4954,981,-1
4983,981,-1
5127,981,-1
5132,981,-1
5137,981,-1
5142,981,-1
5152,981,1
5154,981,1
5220,981,-1
4676,983,-1
4729,983,1
4745,983,1
4776,983,1
4780,983,1
4787,983,1
4794,983,1
4808,983,-1
4814,983,1
4821,983,1
4827,983,1
4954,983,1
4983,983,1
5127,983,-1
5132,983,-1
5137,983,-1
5142,983,-1
5152,983,1
5154,983,1
5220,983,-1
4676,984,1
4729,984,1
4745,984,-1
4776,984,1
4780,984,1
4787,984,-1
4794,984,-1
4808,984,-1
4814,984,-1
4821,984,1
4827,984,1
4954,984,1
4983,984,1
5127,984,-1
5132,984,-1
5137,984,-1
5142,984,-1
5152,984,1
5154,984,1
5220,984,-1
4676,985,1
4729,985,1
4745,985,1
4776,985,1
4780,985,1
4787,985,-1
4794,985,1
4808,985,-1
4814,985,1
4821,985,1
4827,985,1
4954,985,-1
4983,985,1
5127,985,-1
5132,985,-1
5137,985,-1
5142,985,-1
5152,985,1
5154,985,1
5220,985,1
4676,986,-1
4729,986,1
4745,986,-1
4776,986,1
4780,986,1
4787,986,1
4794,986,-1
4808,986,-1
4814,986,-1
4821,986,-1
4827,986,1
4954,986,-1
4983,986,-1
5127,986,-1
5132,986,-1
5137,986,-1
5142,986,-1
5152,986,1
5154,986,-1
5220,986,-1
4676,987,1
4729,987,1
4745,987,1
4776,987,1
4780,987,1
4787,987,-1
4794,987,1
4808,987,-1
4814,987,-1
4821,987,-1
4827,987,1
4954,987,1
4983,987,1
5127,987,-1
5132,987,-1
5137,987,-1
5142,987,-1
5152,987,1
5154,987,1
5220,987,1
4676,988,-1
4729,988,1
4745,988,-1
4776,988,1
4780,988,1
4787,988,-1
4794,988,-1
4808,988,-1
4814,988,-1
4821,988,1
4827,988,1
4954,988,1
4983,988,1
5127,988,-1
5132,988,-1
5137,988,-1
5142,988,-1
5152,988,1
5154,988,1
5220,988,-1
4676,989,-1
4729,989,1
4745,989,1
4776,989,1
4780,989,1
4787,989,-1
4794,989,1
4808,989,-1
4814,989,-1
4821,989,1
4827,989,1
4954,989,1
4983,989,1
5127,989,-1
5132,989,-1
5137,989,-1
5142,989,-1
5152,989,1
5154,989,1
5220,989,-1
4676,991,-1
4729,991,1
4745,991,-1
4776,991,1
4780,991,1
4787,991,1
4794,991,-1
4808,991,-1
4814,991,-1
4821,991,-1
4827,991,-1
4954,991,-1
4983,991,-1
5127,991,-1
5132,991,-1
5137,991,-1
5142,991,-1
5152,991,-1
5154,991,-1
5220,991,-1
4676,993,1
4729,993,1
4745,993,1
4776,993,1
4780,993,1
4787,993,-1
4794,993,1
4808,993,1
4814,993,1
4821,993,1
4827,993,1
4954,993,1
4983,993,1
5127,993,-1
5132,993,-1
5137,993,-1
5142,993,-1
5152,993,1
5154,993,1
5220,993,-1
4676,995,-1
4729,995,1
4745,995,1
4776,995,1
4780,995,1
4787,995,1
4794,995,1
4808,995,-1
4814,995,-1
4821,995,-1
4827,995,1
4954,995,1
4983,995,-1
5127,995,-1
5132,995,-1
5137,995,-1
5142,995,-1
5152,995,-1
5154,995,-1
5220,995,1
4676,997,1
4729,997,-1
4745,997,1
4776,997,1
4780,997,1
4787,997,-1
4794,997,1
4808,997,1
4814,997,1
4821,997,1
4827,997,1
4954,997,1
4983,997,1
5127,997,-1
5132,997,1
5137,997,-1
5142,997,-1
5152,997,1
5154,997,1
5220,997,1
4676,1006,1
4729,1006,1
4745,1006,1
4776,1006,1
4780,1006,1
4787,1006,-1
4794,1006,1
4808,1006,-1
4814,1006,1
4821,1006,1
4827,1006,1
4954,1006,1
4983,1006,1
5127,1006,-1
5132,1006,-1
5137,1006,-1
5142,1006,-1
5152,1006,1
5154,1006,1
5220,1006,1
4676,1008,1
4729,1008,1
4745,1008,1
4776,1008,1
4780,1008,1
4787,1008,-1
4794,1008,1
4808,1008,-1
4814,1008,1
4821,1008,1
4827,1008,1
4954,1008,1
4983,1008,1
5127,1008,-1
5132,1008,-1
5137,1008,-1
5142,1008,-1
5152,1008,1
5154,1008,1
5220,1008,1
4676,1013,-1
4729,1013,1
4745,1013,-1
4776,1013,1
4780,1013,1
4787,1013,-1
4794,1013,-1
4808,1013,-1
4814,1013,-1
4821,1013,-1
4827,1013,1
4954,1013,1
4983,1013,1
5127,1013,-1
5132,1013,-1
5137,1013,-1
5142,1013,-1
5152,1013,1
5154,1013,1
5220,1013,-1
4676,1037,1
4729,1037,1
4745,1037,1
4776,1037,1
4780,1037,1
4787,1037,-1
4794,1037,1
4808,1037,-1
4814,1037,1
4821,1037,1
4827,1037,1
4954,1037,1
4983,1037,1
5127,1037,-1
5132,1037,-1
5137,1037,-1
5142,1037,-1
5152,1037,-1
5154,1037,-1
5220,1037,1
4676,1038,-1
4729,1038,1
4745,1038,1
4776,1038,1
4780,1038,1
4787,1038,-1
4794,1038,1
4808,1038,-1
4814,1038,-1
4821,1038,1
4827,1038,1
4954,1038,1
4983,1038,1
5127,1038,-1
5132,1038,-1
5137,1038,-1
5142,1038,-1
5152,1038,1
5154,1038,1
5220,1038,-1
4676,1041,-1
4729,1041,1
4745,1041,1
4776,1041,1
4780,1041,1
4787,1041,-1
4794,1041,1
4808,1041,-1
4814,1041,1
4821,1041,1
4827,1041,1
4954,1041,1
4983,1041,1
5127,1041,-1
5132,1041,-1
5137,1041,-1
5142,1041,-1
5152,1041,1
5154,1041,1
5220,1041,1
4676,1043,1
4729,1043,1
4745,1043,1
4776,1043,1
4780,1043,1
4787,1043,-1
4794,1043,1
4808,1043,-1
4814,1043,-1
4821,1043,1
4827,1043,1
4954,1043,1
4983,1043,1
5127,1043,-1
5132,1043,-1
5137,1043,-1
5142,1043,-1
5152,1043,1
5154,1043,1
5220,1043,1
4676,1044,1
4729,1044,-1
4745,1044,1
4776,1044,1
4780,1044,1
4787,1044,-1
4794,1044,-1
4808,1044,-1
4814,1044,-1
4821,1044,-1
4827,1044,1
4954,1044,1
4983,1044,1
5127,1044,-1
5132,1044,-1
5137,1044,-1
5142,1044,-1
5152,1044,-1
5154,1044,-1
5220,1044,-1
4676,1071,-1
4729,1071,-1
4745,1071,1
4776,1071,1
4780,1071,1
4787,1071,-1
4794,1071,1
4808,1071,-1
4814,1071,-1
4821,1071,1
4827,1071,1
4954,1071,1
4983,1071,1
5127,1071,-1
5132,1071,-1
5137,1071,-1
5142,1071,-1
5152,1071,-1
5154,1071,-1
5220,1071,-1
4676,1076,1
4729,1076,1
4745,1076,1
4776,1076,1
4780,1076,1
4787,1076,-1
4794,1076,1
4808,1076,-1
4814,1076,-1
4821,1076,1
4827,1076,1
4954,1076,1
4983,1076,1
5127,1076,-1
5132,1076,-1
5137,1076,-1
5142,1076,-1
5152,1076,-1
5154,1076,1
5220,1076,-1
4676,1083,1
4729,1083,1
4745,1083,1
4776,1083,1
4780,1083,1
4787,1083,1
4794,1083,1
4808,1083,-1
4814,1083,1
4821,1083,1
4827,1083,1
4954,1083,1
4983,1083,1
5127,1083,-1
5132,1083,-1
5137,1083,-1
5142,1083,-1
5152,1083,-1
5154,1083,-1
5220,1083,1
4676,1087,1
4729,1087,1
4745,1087,-1
4776,1087,1
4780,1087,1
4787,1087,-1
4794,1087,-1
4808,1087,-1
4814,1087,-1
4821,1087,1
4827,1087,1
4954,1087,1
4983,1087,1
5127,1087,-1
5132,1087,-1
5137,1087,-1
5142,1087,-1
5152,1087,1
5154,1087,-1
5220,1087,-1
4676,1125,1
4729,1125,1
4745,1125,1
4776,1125,1
4780,1125,1
4787,1125,-1
4794,1125,1
4808,1125,-1
4814,1125,1
4821,1125,1
4827,1125,1
4954,1125,1
4983,1125,1
5127,1125,-1
5132,1125,-1
5137,1125,-1
5142,1125,-1
5152,1125,1
5154,1125,1
5220,1125,1
4676,1127,-1
4729,1127,1
4745,1127,1
4776,1127,1
4780,1127,1
4787,1127,-1
4794,1127,-1
4808,1127,-1
4814,1127,-1
4821,1127,1
4827,1127,1
4954,1127,1
4983,1127,1
5127,1127,-1
5132,1127,-1
5137,1127,-1
5142,1127,-1
5152,1127,-1
5154,1127,1
5220,1127,-1
4676,1129,1
4729,1129,-1
4745,1129,1
4776,1129,1
4780,1129,1
4787,1129,-1
4794,1129,1
4808,1129,1
4814,1129,1
4821,1129,1
4827,1129,1
4954,1129,1
4983,1129,1
5127,1129,-1
5132,1129,-1
5137,1129,-1
5142,1129,-1
5152,1129,1
5154,1129,1
5220,1129,-1
4676,1134,1
4729,1134,1
4745,1134,1
4776,1134,1
4780,1134,1
4787,1134,1
4794,1134,1
4808,1134,-1
4814,1134,-1
4821,1134,1
4827,1134,1
4954,1134,-1
4983,1134,-1
5127,1134,-1
5132,1134,-1
5137,1134,-1
5142,1134,-1
5152,1134,-1
5154,1134,1
5220,1134,-1
4676,1136,1
4729,1136,1
4745,1136,-1
4776,1136,-1
4780,1136,-1
4787,1136,-1
4794,1136,-1
4808,1136,-1
4814,1136,-1
4821,1136,-1
4827,1136,1
4954,1136,1
4983,1136,1
5127,1136,-1
5132,1136,-1
5137,1136,-1
5142,1136,-1
5152,1136,1
5154,1136,1
5220,1136,-1
4676,1140,1
4729,1140,1
4745,1140,1
4776,1140,1
4780,1140,1
4787,1140,-1
4794,1140,1
4808,1140,-1
4814,1140,1
4821,1140,1
4827,1140,1
4954,1140,1
4983,1140,1
5127,1140,-1
5132,1140,-1
5137,1140,-1
5142,1140,-1
5152,1140,1
5154,1140,1
5220,1140,-1
4676,1153,1
4729,1153,1
4745,1153,1
4776,1153,1
4780,1153,1
4787,1153,-1
4794,1153,-1
4808,1153,-1
4814,1153,-1
4821,1153,1
4827,1153,-1
4954,1153,-1
4983,1153,-1
5127,1153,-1
5132,1153,-1
5137,1153,-1
5142,1153,-1
5152,1153,-1
5154,1153,-1
5220,1153,1
4676,1154,-1
4729,1154,-1
4745,1154,-1
4776,1154,1
4780,1154,1
4787,1154,1
4794,1154,-1
4808,1154,-1
4814,1154,-1
4821,1154,-1
4827,1154,1
4954,1154,-1
4983,1154,1
5127,1154,-1
5132,1154,-1
5137,1154,-1
5142,1154,-1
5152,1154,1
5154,1154,-1
5220,1154,-1
4676,1156,1
4729,1156,1
4745,1156,1
4776,1156,1
4780,1156,1
4787,1156,-1
4794,1156,-1
4808,1156,-1
4814,1156,-1
4821,1156,1
4827,1156,-1
4954,1156,-1
4983,1156,-1
5127,1156,-1
5132,1156,-1
5137,1156,-1
5142,1156,-1
5152,1156,-1
5154,1156,-1
5220,1156,-1
4676,1178,-1
4729,1178,1
4745,1178,-1
4776,1178,1
4780,1178,1
4787,1178,1
4794,1178,-1
4808,1178,-1
4814,1178,-1
4821,1178,1
4827,1178,1
4954,1178,1
4983,1178,1
5127,1178,-1
5132,1178,-1
5137,1178,-1
5142,1178,-1
5152,1178,1
5154,1178,1
5220,1178,-1
4676,1180,-1
4729,1180,1
4745,1180,1
4776,1180,1
4780,1180,1
4787,1180,1
4794,1180,1
4808,1180,1
4814,1180,1
4821,1180,1
4827,1180,1
4954,1180,1
4983,1180,1
5127,1180,-1
5132,1180,-1
5137,1180,-1
5142,1180,1
5152,1180,1
5154,1180,1
5220,1180,1
4676,1183,1
4729,1183,1
4745,1183,1
4776,1183,1
4780,1183,1
4787,1183,-1
4794,1183,1
4808,1183,1
4814,1183,1
4821,1183,1
4827,1183,1
4954,1183,1
4983,1183,1
5127,1183,-1
5132,1183,-1
5137,1183,-1
5142,1183,-1
5152,1183,1
5154,1183,-1
5220,1183,-1
4676,1192,1
4729,1192,1
4745,1192,1
4776,1192,1
4780,1192,1
4787,1192,1
4794,1192,1
4808,1192,1
4814,1192,1
4821,1192,1
4827,1192,1
4954,1192,1
4983,1192,1
5127,1192,-1
5132,1192,-1
5137,1192,-1
5142,1192,-1
5152,1192,1
5154,1192,1
5220,1192,1
4676,1247,1
4729,1247,1
4745,1247,-1
4776,1247,1
4780,1247,1
4787,1247,1
4794,1247,1
4808,1247,-1
4814,1247,-1
4821,1247,1
4827,1247,1
4954,1247,1
4983,1247,1
5127,1247,-1
5132,1247,-1
5137,1247,-1
5142,1247,-1
5152,1247,1
5154,1247,1
5220,1247,-1
4676,1248,1
4729,1248,-1
4745,1248,1
4776,1248,1
4780,1248,1
4787,1248,-1
4794,1248,1
4808,1248,-1
4814,1248,1
4821,1248,1
4827,1248,1
4954,1248,1
4983,1248,1
5127,1248,-1
5132,1248,-1
5137,1248,-1
5142,1248,-1
5152,1248,1
5154,1248,1
5220,1248,-1
4676,1251,1
4729,1251,-1
4745,1251,-1
4776,1251,1
4780,1251,1
4787,1251,-1
4794,1251,1
4808,1251,-1
4814,1251,1
4821,1251,1
4827,1251,1
4954,1251,1
4983,1251,1
5127,1251,-1
5132,1251,-1
5137,1251,-1
5142,1251,-1
5152,1251,1
5154,1251,1
5220,1251,-1
4676,1293,1
4729,1293,1
4745,1293,1
4776,1293,1
4780,1293,1
4787,1293,-1
4794,1293,1
4808,1293,-1
4814,1293,-1
4821,1293,1
4827,1293,1
4954,1293,1
4983,1293,1
5127,1293,-1
5132,1293,-1
5137,1293,-1
5142,1293,-1
5152,1293,1
5154,1293,1
5220,1293,-1
4676,1304,-1
4729,1304,1
4745,1304,-1
4776,1304,1
4780,1304,1
4787,1304,-1
4794,1304,-1
4808,1304,-1
4814,1304,-1
4821,1304,-1
4827,1304,1
4954,1304,-1
4983,1304,-1
5127,1304,-1
5132,1304,-1
5137,1304,-1
5142,1304,-1
5152,1304,-1
5154,1304,-1
5220,1304,-1
4676,1307,-1
4729,1307,1
4745,1307,-1
4776,1307,1
4780,1307,1
4787,1307,-1
4794,1307,-1
4808,1307,-1
4814,1307,-1
4821,1307,1
4827,1307,1
4954,1307,1
4983,1307,1
5127,1307,-1
5132,1307,-1
5137,1307,-1
5142,1307,-1
5152,1307,-1
5154,1307,1
5220,1307,-1
4676,1311,-1
4729,1311,1
4745,1311,-1
4776,1311,1
4780,1311,1
4787,1311,-1
4794,1311,-1
4808,1311,-1
4814,1311,-1
4821,1311,1
4827,1311,1
4954,1311,1
4983,1311,1
5127,1311,-1
5132,1311,-1
5137,1311,-1
5142,1311,-1
5152,1311,1
5154,1311,1
5220,1311,-1
4676,1319,-1
4729,1319,1
4745,1319,1
4776,1319,1
4780,1319,1
4787,1319,1
4794,1319,-1
4808,1319,-1
4814,1319,-1
4821,1319,-1
4827,1319,1
4954,1319,-1
4983,1319,-1
5127,1319,-1
5132,1319,-1
5137,1319,-1
5142,1319,-1
5152,1319,1
5154,1319,1
5220,1319,-1
4676,1321,-1
4729,1321,1
4745,1321,1
4776,1321,1
4780,1321,1
4787,1321,-1
4794,1321,1
4808,1321,-1
4814,1321,-1
4821,1321,1
4827,1321,1
4954,1321,1
4983,1321,1
5127,1321,-1
5132,1321,-1
5137,1321,-1
5142,1321,-1
5152,1321,1
5154,1321,1
5220,1321,-1
4676,1322,1
4729,1322,-1
4745,1322,1
4776,1322,1
4780,1322,1
4787,1322,1
4794,1322,-1
4808,1322,-1
4814,1322,1
4821,1322,1
4827,1322,1
4954,1322,1
4983,1322,1
5127,1322,-1
5132,1322,-1
5137,1322,-1
5142,1322,-1
5152,1322,-1
5154,1322,-1
5220,1322,-1
4676,1334,-1
4729,1334,1
4745,1334,-1
4776,1334,1
4780,1334,1
4787,1334,-1
4794,1334,-1
4808,1334,-1
4814,1334,-1
4821,1334,1
4827,1334,1
4954,1334,1
4983,1334,1
5127,1334,-1
5132,1334,-1
5137,1334,-1
5142,1334,-1
5152,1334,-1
5154,1334,-1
5220,1334,-1
4676,1335,-1
4729,1335,1
4745,1335,-1
4776,1335,1
4780,1335,1
4787,1335,-1
4794,1335,1
4808,1335,-1
4814,1335,-1
4821,1335,1
4827,1335,1
4954,1335,1
4983,1335,-1
5127,1335,-1
5132,1335,-1
5137,1335,-1
5142,1335,-1
5152,1335,1
5154,1335,1
5220,1335,-1
4676,1341,-1
4729,1341,1
4745,1341,-1
4776,1341,1
4780,1341,1
4787,1341,-1
4794,1341,1
4808,1341,-1
4814,1341,-1
4821,1341,1
4827,1341,1
4954,1341,1
4983,1341,1
5127,1341,1
5132,1341,-1
5137,1341,-1
5142,1341,-1
5152,1341,1
5154,1341,1
5220,1341,-1
4676,1352,-1
4729,1352,1
4745,1352,1
4776,1352,1
4780,1352,-1
4787,1352,1
4794,1352,1
4808,1352,-1
4814,1352,-1
4821,1352,-1
4827,1352,1
4954,1352,1
4983,1352,1
5127,1352,-1
5132,1352,-1
5137,1352,-1
5142,1352,-1
5152,1352,1
5154,1352,1
5220,1352,-1
4676,1371,1
4729,1371,1
4745,1371,1
4776,1371,1
4780,1371,1
4787,1371,-1
4794,1371,1
4808,1371,-1
4814,1371,-1
4821,1371,1
4827,1371,1
4954,1371,1
4983,1371,1
5127,1371,-1
5132,1371,-1
5137,1371,-1
5142,1371,-1
5152,1371,-1
5154,1371,-1
5220,1371,-1
4676,1374,1
4729,1374,1
4745,1374,1
4776,1374,1
4780,1374,1
4787,1374,-1
4794,1374,-1
4808,1374,-1
4814,1374,-1
4821,1374,1
4827,1374,1
4954,1374,1
4983,1374,1
5127,1374,-1
5132,1374,-1
5137,1374,-1
5142,1374,-1
5152,1374,-1
5154,1374,1
5220,1374,-1
4676,1396,1
4729,1396,1
4745,1396,1
4776,1396,1
4780,1396,1
4787,1396,-1
4794,1396,1
4808,1396,1
4814,1396,1
4821,1396,1
4827,1396,1
4954,1396,-1
4983,1396,1
5127,1396,-1
5132,1396,-1
5137,1396,-1
5142,1396,-1
5152,1396,1
5154,1396,1
5220,1396,1
4676,1409,1
4729,1409,-1
4745,1409,1
4776,1409,1
4780,1409,1
4787,1409,-1
4794,1409,1
4808,1409,1
4814,1409,1
4821,1409,1
4827,1409,1
4954,1409,1
4983,1409,1
5127,1409,-1
5132,1409,1
5137,1409,1
5142,1409,-1
5152,1409,1
5154,1409,1
5220,1409,1
4676,1412,-1
4729,1412,1
4745,1412,-1
4776,1412,1
4780,1412,-1
4787,1412,1
4794,1412,-1
4808,1412,-1
4814,1412,1
4821,1412,1
4827,1412,1
4954,1412,1
4983,1412,-1
5127,1412,-1
5132,1412,-1
5137,1412,-1
5142,1412,-1
5152,1412,1
5154,1412,1
5220,1412,-1
4676,1419,1
4729,1419,1
4745,1419,1
4776,1419,1
4780,1419,1
4787,1419,-1
4794,1419,1
4808,1419,-1
4814,1419,1
4821,1419,1
4827,1419,1
4954,1419,1
4983,1419,1
5127,1419,-1
5132,1419,-1
5137,1419,-1
5142,1419,-1
5152,1419,-1
5154,1419,-1
5220,1419,1
4676,1426,1
4729,1426,1
4745,1426,1
4776,1426,1
4780,1426,1
4787,1426,-1
4794,1426,1
4808,1426,-1
4814,1426,1
4821,1426,1
4827,1426,1
4954,1426,1
4983,1426,1
5127,1426,-1
5132,1426,-1
5137,1426,-1
5142,1426,1
5152,1426,1
5154,1426,1
5220,1426,-1
4676,1495,-1
4729,1495,1
4745,1495,-1
4776,1495,-1
4780,1495,-1
4787,1495,-1
4794,1495,-1
4808,1495,-1
4814,1495,-1
4821,1495,-1
4827,1495,-1
4954,1495,-1
4983,1495,-1
5127,1495,-1
5132,1495,-1
5137,1495,-1
5142,1495,-1
5152,1495,-1
5154,1495,-1
5220,1495,-1
4676,1522,1
4729,1522,1
4745,1522,1
4776,1522,1
4780,1522,1
4787,1522,-1
4794,1522,-1
4808,1522,-1
4814,1522,-1
4821,1522,1
4827,1522,1
4954,1522,1
4983,1522,1
5127,1522,-1
5132,1522,-1
5137,1522,-1
5142,1522,-1
5152,1522,-1
5154,1522,1
5220,1522,-1
4676,1542,-1
4729,1542,1
4745,1542,1
4776,1542,1
4780,1542,1
4787,1542,1
4794,1542,-1
4808,1542,-1
4814,1542,1
4821,1542,1
4827,1542,1
4954,1542,1
4983,1542,1
5127,1542,-1
5132,1542,-1
5137,1542,-1
5142,1542,-1
5152,1542,1
5154,1542,1
5220,1542,1
