Name,geometry
The Khazneh,POINT (35.45165747346309 30.322140667741262)
Judean Desert oasis,POINT (35.3883044462243 31.46796597574907)
Barama River Region,POINT (-59.88868584357988 7.691592333197193)
West Lake,POINT (120.1490231081772 30.231362428843887)
Achaemenid Empire,POINT (50.19234597363677 34.231646362128686)
Japan - Tokugawa Era,POINT (136.12337738714234 35.5649153710194)
"Havasupai Reservation, 1918",POINT (-112.6133760793655 36.16012000088357)
Churches of Christ in the United States,POINT (-97.25720943344766 38.30836790594642)
Jebel Barkal,POINT (31.83350100045076 18.535231044819948)
Island of Ireland,POINT (-7.993632651052661 53.422692907163864)
Lakota Sioux Reservations as of 1890,POINT (-101.13521822048006 44.43230176741231)
South Sulawesi,POINT (120.17348115601179 -3.83376447831107)
Aztec Imperial Core,POINT (-99.15533304874958 19.458154794144733)
Talismanic Religion (200 BCE-500 CE)),POINT (105.4647828299592 34.33411811821679)
Tehuelche,POINT (-69.62652220045028 -47.10141195840359)
England,POINT (-1.3689976021525085 52.33099568382933)
Indonesia,POINT (119.41430720672926 -3.079970016312726)
Tibet (Tufan) - 669 CE,POINT (93.26244988718231 32.791585041586224)
Tboung Khmum or Tbong Khmum Province,POINT (105.74805230540056 11.795006572192612)
Romonum Island,POINT (151.66969027070985 7.410257033799338)
Traditional centers of the Parsis,POINT (72.94588752496425 20.68124874643268)
"Erlitou Yanshi,Henan",POINT (112.69686166905245 34.69147467593871)
"Constantinople, c800CE-1400CE",POINT (28.950990946062266 41.01162600781993)
Gujarat and the UK,POINT (5.776689428933528 49.723485079379664)
Religious Society of Friends (Quakers),POINT (-16.875013999999997 56.270863)
"Mirebalais, Haiti",POINT (-72.10707797279822 18.832113269014574)
Tyva Republic,POINT (94.7994412318908 51.57580104280222)
Global,POINT (25.694227115078714 2.2367017310041275)
Tawi-Tawi and adjacent islands,POINT (120.03060136289096 5.1708987776786)
Southern Egypt,POINT (31.625204085584162 22.33712263490134)
Qin Empire 210 BCE,POINT (114.28420694153168 34.71623709120387)
The Sanctuary of Apollo at Delphi,POINT (22.50041303913348 38.48239336196033)
Town of Chichicastenango,POINT (-91.10818596420502 14.936156789794245)
"Lesu village, New Ireland, ca.1930",POINT (150.98347370884917 -2.7443745938389275)
Church of Panagia Angeloktisti,POINT (33.570977167640336 34.847533836423665)
"Ranchi, Jharkhand",POINT (85.47914753568718 23.62256139632584)
"Tuban, East Java; Bonang Village, Lasem Subdistrict (Central Java)",POINT (111.75057993268607 -6.7874667678674685)
Hindu India and Nepal,POINT (78.6954337277142 22.50806749693182)
Peru and Utah,POINT (-80.04381533661918 -1.67238963419739)
Nigeria,POINT (7.8972769392208395 9.621581052333692)
China,POINT (113.65774328136509 30.097146721864615)
Goodenough Island - Northern D'Entrecasteaux,POINT (150.36370768604556 -9.421989053017356)
Yādiya/Sam'al,POINT (36.69950704863834 36.99605219617044)
Gujarat,POINT (71.57273748659122 22.705579592029462)
Germany,POINT (13.044600439115081 51.55842512015179)
"Egypt, sometimes Nubia (Sudan) and the Levant",POINT (31.74565322533448 23.58589804263909)
"Char region(Lakhimpur District, Assam)",POINT (94.21279089918902 27.125738344405615)
Al Balayzah,POINT (31.23232151691643 27.031904063822964)
Italy,POINT (12.057156102668781 42.32777363973195)
Tenochtitlan,POINT (-99.13155489913743 19.43386884424845)
Global Shinto Network,POINT (144.21440760122132 -89.65648867921948)
Roman Empire,POINT (17.078464507503117 39.09616910448377)
Free Methodist World Conference.,POINT (-43.66517242856935 24.28489990741094)
Marmaria,POINT (22.508196475645182 38.48023997656236)
"Thessaloniki, Basilica of Saint Demetrios",POINT (22.94777424794124 40.63879080350807)
North Sumatra,POINT (99.14225954542087 2.301189897143239)
Himalayan tribal Christianity (and tribal-allied groups),POINT (86.27846905560862 28.9585413035885)
Korea,POINT (127.60259150156679 38.249397272848476)
Mongolia during the revolutionary period.,POINT (103.05514632240398 46.84113434017635)
Musawwarat es-Sufra,POINT (33.328957810469866 16.409266607621714)
Abujhmar hills of Bastar State,POINT (81.80973282776456 19.042229827551314)
Anglican Communion,POINT (53.28423741235845 14.119160937373875)
Kurangun,POINT (51.461186887873346 30.245054888014078)
Northern Wei and Liu Song Dynasties,POINT (109.35068564548672 32.56099808384946)
United States,POINT (-98.76323952248481 39.2709376391838)
Mesopotamia,POINT (43.29472467005164 32.85569573121933)
"Northern Luzon, Philippines",POINT (121.48987178003456 17.054327785056984)
Early and early imperial China,POINT (111.33930651479918 31.06880994725339)
Alice Springs and environs,POINT (133.67076905792123 -23.531581636775293)
"Asoda, Maharashtra, India",POINT (76.09012327364007 19.43139037738346)
Eleusinion,POINT (23.725143926477525 37.973338112948284)
Karaplas/Alogopati,POINT (22.344755961562406 39.276841739672676)
Al-Andalus,POINT (-4.191369973574554 39.03357377407124)
Nepal and North India,POINT (48.98436099999999 42.053419)
Sparta,POINT (22.46312988300664 37.05956090225895)
Sirionó,POINT (-63.65540968434521 -14.282085171924725)
Tibetan Plateau.,POINT (91.85110089481807 32.855586802391784)
Northern Saulteaux,POINT (-96.00868647895587 51.817378479494884)
"Niger River, West Africa",POINT (-7.205739039260736 13.061285694828102)
Tamil Nadu,POINT (78.28003504939447 10.735677661487069)
Jivaro,POINT (-79.01806981676647 -4.166050787350329)
Bengal,POINT (89.78011182829117 23.094057360543236)
Syria,POINT (38.53970872779299 35.01137861045858)
"North America, South America, Caribbean, South Asia, Africa, Europe",POINT (-65.5517779756551 42.858889441773414)
Abydos Old Kingdom Temple Precinct,POINT (31.9102146297506 26.192485179321743)
Peregrine_NorthAfricanProtoHistoric,POINT (8.081236341757167 28.40432161720489)
Regions that potentially received the Wuzhen pian in the Song dynasty,POINT (110.69755783386437 28.92796822886565)
Chao Phraya (Menam) River Alluvial Plain,POINT (100.70498662385639 13.843692011848242)
"Thessaloniki, Greece",POINT (22.947965995401898 40.63501339021979)
Elam,POINT (54.48510060122421 30.231333346681694)
Lan Na (Northern Thailand),POINT (99.37462050179427 19.34904888042124)
"Bau Island, Fiji",POINT (178.61545921040909 -17.972305120223723)
Thailand,POINT (101.01767642737396 15.123701052258266)
Anyang,POINT (114.32457819589911 36.12191635227772)
Pauline Christianity (Undisputed Letters) - Final,POINT (27.634357331713083 39.8756962744821)
North China,POINT (114.70661534848544 36.07937956594118)
"Roman Republic, pre-Punic Wars (i.e. Sicily, Sardinia, and Corsica excluded)",POINT (12.171372395040542 43.51345476277108)
Choson Dynasty,POINT (127.40058595256363 38.37579524664985)
Active regions of Song Chan Buddhism,POINT (114.84421110328339 30.55871786623693)
Gortyn,POINT (24.95031575965227 35.060242656029146)
"Normandy, British Isles",POINT (-1.426092726323449 51.739179396123866)
Leinster and East Munster,POINT (-7.285317670514735 52.580590025226506)
Global Smooth,POINT (17.82977236355755 7.002133076048156)
People's Republic of China,POINT (103.86357929927335 36.5899929034255)
"Central Macedonia, Greece",POINT (23.30446864885649 40.51238549626873)
"Kumasi, Ashanti Region, Ghana, ca. 1895",POINT (-1.6163097602957996 6.624626884721559)
Maharashtra_India,POINT (76.1088050497677 19.4534752313843)
Northwestern Laos,POINT (100.96118783729392 20.37199039553625)
Makalorema,POINT (22.74232479711016 39.38939903347124)
Warring States China,POINT (113.7829880860312 34.0510675827625)
South India and Maharashtra,POINT (77.43878991962313 16.159429266480366)
Greater Bengali Region,POINT (86.40756851799978 23.89693031883117)
Urartu,POINT (43.2802278280372 39.2124258914025)
"Psychro Cave, Lasithi Plain",POINT (25.445230300495666 35.162582384138794)
Mongolia,POINT (103.05061585091005 46.803712181069756)
Judea and Cairo,POINT (34.43157515517255 31.352306974336702)
Western Han - 202 BCE - 9 CE,POINT (102.44256834960069 35.30086921897428)
Area of the places mentioned in the Ji shenzhou sanbao gantong lu,POINT (113.23636661506768 35.077836143300786)
Samuha,POINT (36.5276491500316 39.62111943400624)
Cayapa,POINT (-79.03609967942623 0.7879668575627286)
"New York, California (predominately among a new generation of White, bohemian, writers and artists in New York City and San Francisco)",POINT (-112.07053103913978 40.51902578559618)
"Fort Hall or Metume District, Kenya, ca. 1920",POINT (37.53496827225617 -0.5633280476520243)
Mapuche,POINT (-65.80275865703345 -39.3562817207023)
South Korea,POINT (127.78125754698627 36.328258315602866)
Early Khalsa Sikhs,POINT (75.92834652710322 30.560935665532398)
Mysore District,POINT (76.64146329544428 12.244843396561937)
România,POINT (24.975919821804887 45.84646154081236)
"Mohla Village, Gujrat District, Pakistan ca. 1950",POINT (74.0691102171862 32.498804972507905)
Ukraine,POINT (31.42444847819594 48.99817771893626)
Dornogovi province Mongolia,POINT (110.46695661363877 44.47327196429677)
"Tsonga lands, Ronga group ca. 1895",POINT (32.51552022033091 -26.97165035542821)
Fiji,POINT (1.257537995456603 -16.502859914388093)
Coastal West Africa,POINT (2.3631477605157443 7.4548928596638975)
2020 Mennonite World Conference Membership,POINT (-99.3699083550753 48.51288371199346)
Beijing-Huguang region,POINT (116.27718841227092 34.84650203970774)
Area of Quanzhen,POINT (111.60435823947475 35.79130154105949)
Syria: Iraq Border to Deir ez-Zur,POINT (40.71765428069499 35.46491374532994)
Rome,POINT (12.48901596045906 41.89189579913912)
Jiangsu Province,POINT (119.7012611608545 32.79736160299148)
Italy and the Catholic Church,POINT (11.922345457600887 42.69555329038482)
Ppo Romé Temple-Tower Devotees,POINT (108.90009424010711 11.558977072513906)
"North America, South America, Caribbean, Asia, Africa, Europe",POINT (-64.6888478219242 33.7970553102354)
Global Digital Shinto Communities Network,POINT (-52.45006461003515 -9.155951974446577)
Nichibeizan Sо̄kо̄ji (日米山桑港寺),POINT (-122.42860154039187 37.786460592202125)
Countries with significant Muscular Christian presence.,POINT (-61.976198315145524 20.957404792043995)
Barama River Carib,POINT (-60.67862064040259 7.566299999278592)
Ancient Mediterranean,POINT (23.42764449959907 36.770914423596906)
Peregrine_Wilton_6000,POINT (24.807048921799133 -29.876607051113997)
Middle + Lower Yellow River Valley,POINT (115.49921513319043 35.796757867234795)
Deir el-Bahari,POINT (32.60675475111841 25.7375584928091)
Hephaisteion,POINT (23.721486562377795 37.97559802318267)
The Pachomian Monastic Federation,POINT (32.26926199097579 26.135041417939462)
NileValley,POINT (31.737337063859133 26.64057253186513)
Central and Southern Vietnam,POINT (108.30522720584018 15.675166683058475)
Monotheistic South Arabia,POINT (45.25628906995836 15.525971042756616)
ancient medina of Tunis,POINT (10.168875290424188 36.797830954756435)
Central Java,POINT (110.83849783842535 -6.806678172085891)
Western India,POINT (75.43246443707521 23.067189540532336)
Callinago,POINT (-61.27706171133208 15.41991200193484)
Tanna Island,POINT (169.37802630882163 -19.513771692714247)
Chang´an-Mount Zhongnan-Luoyang-Caozhou,POINT (109.96091128920722 34.41713672971578)
Klamath region,POINT (-121.64455107670892 42.67571019706146)
Java,POINT (110.62773035172268 -6.890707934178954)
"Methoni, Peloponnese, south-western Greece",POINT (21.704084743730007 36.85788648629035)
"Metropolitan China, Hong Kong S.A.R., and Taiwan",POINT (119.2276669456197 28.549481012630352)
"Transnational Cybersect, East/Southeast Asia, California (predominately among Chinese and Vietnamese diasporic communities)",POINT (107.39232081284214 23.959287845315846)
Shanghai Museum (Shanghai Bowuguan 上海博物館),POINT (121.47543146040555 31.22829444342144)
Mawangdui Han Tombs,POINT (113.03357379492029 28.204167850206627)
Rio Cayapas drainage,POINT (-78.96522525196046 0.9740976041186947)
Petsofas,POINT (26.2789515745684 35.18675852840153)
Edom and its environs,POINT (36.4792610415381 28.129073571018555)
Bella Coola Valley Area,POINT (-127.0016318154292 52.216292323063314)
Japan - Early Medieval (from the 10th to 14th century),POINT (136.12661709196374 35.67703090800878)
India,POINT (78.27485542383276 22.904221471052296)
Croatia,POINT (16.078812347525037 44.62788743367765)
Altiplano central,POINT (-99.4780032868119 19.189454003944125)
"Hmong-Miao speakers in Southern China, Southeast Asia and the US and French diasporas",POINT (14.136718859699624 32.93941871997938)
The Roman Vasco-Aquitanian Pyrenees and Vasconic Hinterland,POINT (-0.3783737462362561 43.14499777362247)
"Village of Nondwin, Sagaing Region, Burma",POINT (95.71598555710594 21.98354751164394)
Temple at Tel Arad,POINT (35.12609627935398 31.280827249480815)
Tiv settlements of Benue province,POINT (8.736231677493942 7.518110538012181)
Peregrine_Sahara-SudaneseNeolithic_6000,POINT (7.769754736518418 18.379334619585926)
Urfa region,POINT (38.91645721940608 37.222994069723036)
Jerusalem and environs,POINT (35.17341096746023 31.75535517425379)
Comanche-occupied southern Great Plains ca. 1870,POINT (-100.95792007043171 35.75524343470835)
Island of Tikopia,POINT (168.83480645193953 -12.301635776920847)
Western Zhou (based on Li Feng),POINT (114.6177053011867 34.98892671513566)
"Southeast Asia, Cambodia",POINT (104.76382885828104 11.824364656201405)
USA,POINT (-96.6817021655705 38.27318914435603)
Pharsalos Metroon,POINT (22.39057933333333 39.293928)
Mysore,POINT (76.37137579052786 13.276113700345459)
Area of shuzi gua material,POINT (116.80676314730182 34.023559881004374)
Southern Italy and Greece,POINT (22.935314339188825 36.47895025571071)
Buka,POINT (154.69686328450663 -5.349065439351951)
Three Tianzhu Monasteries,POINT (120.09643361029974 30.229325858659124)
Attica,POINT (23.75749423379709 38.05734424270011)
Paraguayan Chaco,POINT (-59.15376635863386 -23.390025500738442)
Valley of Mexico,POINT (-99.16879568794371 19.533358602747253)
Upolu Island,POINT (-171.76289053354222 -13.934026025834955)
Yanomamo,POINT (-63.85691685417154 3.224327741520358)
"Central Highlands of Irian Jaya, Indonesia",POINT (136.2168628671111 -3.7640964954458735)
Delphi,POINT (22.499907107531758 38.483330225193725)
Upper Liard River,POINT (-126.33009984616744 60.01912418446934)
Tibet and the Himalayas,POINT (91.67768815273485 32.79192908466226)
Temple of Apollo: Syracuse,POINT (15.292945099906303 37.06401160881109)
"Fufeng County outside of Xi'an, Shaanxi Province",POINT (107.89214540108651 34.43359070783547)
Pre-modern China,POINT (107.56343554811313 33.83886175922634)
Edom,POINT (35.28116046138868 30.321697019667464)
The Church of the Holy Sepulchre,POINT (35.229859544476874 31.77838590816652)
Unitarian Univeralist Organizations,POINT (-226.87306295626428 205.39544007158406)
Runan,POINT (112.36962552482484 34.65358346916832)
"Trumai village of Vanivani, central Mato Grosso State, Brazil",POINT (-53.66248611799711 -11.849147205545098)
Marathon,POINT (23.978894196465955 38.10281927699)
Central Asia,POINT (69.32388133837634 36.30603822136851)
Orphic Lamellae,POINT (20.610091899296076 40.12725822461537)
"Sarawak, Borneo Island",POINT (113.25717348280412 2.579065296472795)
Braj and surrounding regions,POINT (76.18052498480895 26.272567841389048)
"Mekeo, Kairuku, Central District, New Guinea",POINT (146.60847453345087 -8.531999649222117)
The City-State of Ugarit,POINT (35.88338633111698 35.53017868084262)
Cham Bani Communities,POINT (108.1007849202136 11.273790502268607)
Volta River basin of Northern Ghana,POINT (-0.6955268846236087 10.414826421491258)
Primarily North America and Japan,POINT (-78.93271201914702 39.49913008218515)
Ugarit,POINT (36.056160451653234 35.60310922029653)
Indian Subcontinent,POINT (83.50188001161094 24.005022118309)
Beni Hassan,POINT (30.874479152075622 27.929516434638167)
Liang Dynasty China,POINT (110.56641813674241 27.198394343683898)
Ostia Antica,POINT (12.290890849446665 41.754085257910816)
Cham H'roi,POINT (108.99722503683222 13.44018233874187)
Area of Circulation for the Taijitu Shuo and Tongshu (East Asia),POINT (109.54274301845908 35.782238848164276)
Ephesus,POINT (27.345326609852812 37.94118047932191)
Singapore,POINT (103.8227977014612 1.3289227109934318)
Roman Palestine,POINT (35.44290605690668 32.212825595455136)
"Constantinople, c790CE-1450CE",POINT (28.928348330522727 40.99585044220202)
Abipon,POINT (-62.422743080911914 -27.95608434457523)
"Ambunti Sub-Province, Sepik River region, Papua New Guinea",POINT (143.53281457430418 -4.126914158862836)
Fort Belknap Reservation and Gros Ventre lands,POINT (-108.64797638720307 48.20947601428214)
Cuna,POINT (-78.04256391435234 9.15393837391304)
Dobu Island,POINT (150.86550075402192 -9.75879723259796)
Nestorian Christianity,POINT (84.62313683559583 33.94200458995434)
Vicinity of Temuco,POINT (-72.57408154099073 -38.78320534988569)
Temple Precinct,POINT (31.91022576790849 26.192456914905037)
Edessa,POINT (39.07302 37.55123400000001)
Shandong and Jiangnan,POINT (119.09837025304408 33.318915870333875)
Nepal and parts of North India,POINT (82.43153842787653 28.370898282689435)
Tell Qasile,POINT (34.79481271157818 32.10167781803182)
Cultural Tibet and the diaspora,POINT (90.69604037678393 32.587774030665045)
Bogomil Heartland,POINT (24.365676163962664 42.24763940263337)
Tamil South India,POINT (78.66032228181416 10.981148278547773)
"Jingmen, Hubei Province, China",POINT (112.76352185570973 30.42194678379019)
"Melanesia, Micronesia, and Polynesia",POINT (-41.90433848436276 -9.11899674726509)
Temple of Thutmose III,POINT (32.61311225439815 25.72993340667731)
Tang Dynasty China,POINT (108.8612001735015 35.171965692095284)
"Haryana, Rajasthan, and Eastern Uttar Pradesh, North India",POINT (77.53620256665951 27.46471110444492)
"La Alcudia, Spain",POINT (-0.6961386898485894 38.237874474016486)
"Vicinity of the town of Bo, Sierra Leone",POINT (-11.707013575634537 7.938139960509147)
Kuy-language speakers in mainland Southeast Asia,POINT (104.67855617956039 14.398673903185141)
Qasr al-Bint,POINT (35.440102808745365 30.329457899204172)
Amdo,POINT (97.4217765682345 35.42128259501895)
Kom Bawit,POINT (30.707642372399548 27.551432939094376)
"Soteapan, Veracruz, Mexico",POINT (-94.8701760788207 18.22839750851047)
"Amathous, Cyprus",POINT (33.14248246146421 34.71320716568161)
"Mawangdui  馬王堆, Changsha 長沙, Hunan 湖南",POINT (113.02737630210987 28.205472536888823)
Aweikoma,POINT (-50.46430209376715 -27.25199991834898)
Abkhazian,POINT (41.20650958203454 43.16395015803333)
Zhejiang; Shanxi,POINT (114.63803022896778 34.92347209544152)
"Gresik, East Java",POINT (112.6259774516311 -7.166179903511824)
"Coronation Gulf Region of Nunavut, Canada",POINT (-111.93275094416 68.32291585484387)
Gaddis of the Western Himalayas -- Modern Period,POINT (76.3452344580681 32.67188117581257)
Nunatsiavut and Labrador,POINT (-60.087905000000006 56.117954)
"Africa, Egypt",POINT (29.260306776965766 26.29216273028896)
Theban necropolis,POINT (32.60437174712851 25.735586216975808)
"Gowa Regency, South Sulawesi, Indonesia",POINT (119.7090632439303 -5.279920787561961)
Yolngu,POINT (135.98441765872474 -12.446953921677704)
Trobriand Islands,POINT (151.09079982523525 -8.577646084394235)
Western Coast of India,POINT (74.35169141543783 14.990313413582284)
"Miaotou Village, Huangpu District, Guangzhou",POINT (113.49642217120197 23.080402112638)
Present-day Zapotec-speaking peoples in Oaxaca,POINT (-96.01721835782999 16.583779013444946)
Peregrine_EarlyDynasticEgypt,POINT (31.62295404957168 25.64245128576484)
"Canella territory, Brazil, ca. 1915",POINT (-45.52451137784459 -3.995948664141178)
Temples of Abu Simbel,POINT (31.625225607334126 22.33715169740545)
Karnak Temple Region,POINT (32.65721937987789 25.72031939881413)
China proper,POINT (107.64497263223126 31.87347405908485)
Ireland,POINT (-7.883147302564396 53.37547815080312)
Bali,POINT (115.12223120833363 -8.427124802211889)
Magna Graecia,POINT (16.37103518920882 39.64877320492806)
Tell el-Dab'a,POINT (31.818229195038477 30.793063451028463)
Northern Hejaz,POINT (36.625772363346925 27.768677208858286)
"Alexandria and the Nile, Rome, Antioch and environs, etc.",POINT (31.213498115469125 32.50044250477058)
Seneca Reservations (1797),POINT (-78.80917025823936 42.09354925583055)
"Đồng Dương, present-day Bình Định, Vietnam",POINT (108.30522720584018 15.675166683058475)
Region of New Zealand,POINT (172.2339900276629 -42.04112141990303)
Japan - Early Medieval (from the 10th to the 14th century),POINT (137.2338117443281 35.258874562617436)
"Amarna, private chapels at the Workmen's Village",POINT (30.912443097606335 27.63380923499495)
Hanzhong 漢中 movement to the North and the Central Plain,POINT (111.03091790856965 34.760069686035926)
"Village of Peri, Manus Province, Papua New Guinea",POINT (147.00124460689844 -2.0985318343942647)
Europe,POINT (13.893671854599159 51.79682911055227)
Greece,POINT (21.69558009365408 36.91146911831261)
Haida Gwaii,POINT (-131.91734493966248 53.36673591093725)
Japan (Modern Boundaries),POINT (138.0223447102762 37.59402723716708)
"Regions of nowadays India, Pakistan, and Nepal",POINT (77.10617690306051 23.605962658133105)
"Luo River, Yellow River Valley, Henan Province",POINT (112.76493682692065 34.72322775037231)
Kairouan,POINT (10.090374590830613 35.68212627885813)
Poyang Lake Area,POINT (116.30247928842863 29.069114315873673)
East Java Province,POINT (112.74692879581787 -7.745268549520449)
"South Tombs Cemetery, Amarna",POINT (30.916653218327095 27.60914716033235)
Kyaddondo District,POINT (32.5393513538149 0.3738763681934735)
"India, Jharkhand",POINT (0.2410029999999992 50.804766)
"East Java, Indonesia",POINT (112.3892823410666 -6.891297967868469)
The Valley of the Kings,POINT (32.60231030061752 25.73475623608125)
Istanbul/Constantinople,POINT (28.97977409272153 41.0085158817614)
Huichol,POINT (-104.21433128024825 23.36196712433622)
Medieval Christendom,POINT (-2.046172956153352 46.79676629214633)
Provinces of Medieval Japan,POINT (136.46799159930634 35.72165089646917)
Myanmar (Burma),POINT (96.51837820478832 21.20108558661086)
Tunis medina,POINT (10.167632211870298 36.802547960202496)
"Chuchito, Peru",POINT (-69.88867146080725 -15.904307833628007)
Northern Song Dynasty,POINT (110.78325503214812 30.800687628631)
Tamil South India and Tamil Sri Lanka,POINT (78.73461732015402 10.484072224647552)
"Central Java, Indonesia",POINT (110.92365506944076 -6.699441860914357)
Thessalonica,POINT (22.93798768713198 40.640155868614634)
Northern Coastal Plain of Lake Malawi,POINT (33.479385578530085 -9.504544084067733)
Labrang,POINT (102.60867845352129 35.18374411177848)
Odisha,POINT (84.41622701467135 20.48721435891493)
"Harran, Turkey",POINT (39.06877892970979 36.88906312838561)
Qayrawan,POINT (10.103809938166616 35.68187795259298)
Jaluit Atoll,POINT (169.4922730127297 6.051488667121281)
Wogeo Island,POINT (144.09518615268934 -3.2226764131197667)
Bougainville Island,POINT (155.56284672888293 -6.525560364201277)
"Mỹ Sơn, Vietnam",POINT (108.11244595988524 15.780586563904134)
Trinidad and Tobago,POINT (-61.31205494340657 10.419737650850436)
The Peak Sanctuary of Juktas,POINT (25.144180423145226 35.23983187765671)
"District Khandesh, Maharashtra, India.",POINT (76.08493370144606 19.47987448358603)
Southeast Africa,POINT (35.98536531018295 -3.388235022517288)
Eastern Europe,POINT (28.542858653352997 51.318014840493625)
Vietnam,POINT (106.29769493695562 16.665495495914843)
"Jahai subtribe of northeastern Perak and northwestern Kelantan, Malaysia",POINT (101.41493634217349 4.993865154944577)
British Isles: England,POINT (-2.1654458654973476 52.34292171693272)
Mesopotamia2,POINT (43.68228163126783 33.211731720979614)
Cape Gracias a Dios Region,POINT (-83.18062004430503 14.99316586960414)
Horvat Qitmit,POINT (35.06759968160116 31.1843113915215)
Panjab and vicinity,POINT (73.73583346492758 30.96484241817984)
The Xiaotaoyuan Mosque in Shanghai,POINT (121.48808807700095 31.221682650064118)
"New Jersey, New York, Pennsylvania",POINT (-74.54231576960274 40.06512861757409)
Northern Ireland,POINT (-6.663197133545014 54.61117785170445)
"Punjab/Delhi, India",POINT (76.65112208541522 29.5913125021033)
Natchez Territory ca. 1718,POINT (-91.4033595436913 31.53482089674051)
Sudan,POINT (30.010619673987108 16.044031280610692)
The Religious Society of Friends (Quakers),POINT (-69.56692921494206 42.43407595625286)
Known Theurgic Neoplatonic Schools,POINT (28.860386103208512 35.440390309585304)
"Isu-Ana division, Owerri or Southern Ibo, Nigeria",POINT (7.308408695593914 5.469316685165736)
Maya Lowlands,POINT (-89.67362951699282 18.402636249903857)
Broader Thessaly,POINT (22.22195636715841 39.431955083300544)
Abydos,POINT (31.908031553114483 26.18733210961636)
Mentawai (Rereiket River),POINT (99.09894274359354 -1.5966383204867391)
"Char region (Lakhimpur District, Assam)",POINT (94.19568984986066 27.026516476543208)
Tunis Gorjani,POINT (10.084802441167938 36.80925403622095)
Yazılıkaya Hittite Rock Sanctuary,POINT (34.63270868666946 40.02525557740965)
Contemporay Mongolia,POINT (103.04106764831124 46.840631064698165)
Upper Egypt,POINT (32.677972849655355 26.059764624247475)
Giza,POINT (31.126123878696372 29.966892372172143)
Qin Dynasty boundaries,POINT (113.1119876006952 33.93542959223483)
"Southwestern Africa, ca. 1860",POINT (17.37886569747453 -27.255361486322702)
Ancient South Arabia and its peripheries,POINT (46.73577040258949 15.091359903746753)
Twana (Southern Coast Salish) Territory ca. 1860,POINT (-123.04336389413186 47.52692306043463)
Xinjiang (Altishahr),POINT (84.7251820480548 40.09556029416062)
Tikopia,POINT (168.8329313301453 -12.299871749886064)
Sakhalin Island,POINT (142.70696861420402 49.95722072863357)
Viking-Age Scandinavia,POINT (13.263082263546034 60.650616751456255)
Two Bengals,POINT (89.39102910811926 23.869763408743385)
Town and environs of Pare,POINT (112.42013717196402 -7.4937802436258565)
Sicily: Selinous,POINT (12.82745993799423 37.59558199492852)
"Rengsanggri, Meghalaya State, India ca. 1955",POINT (90.41186796214038 25.630723907506958)
"Simitthus (Chemtou, Tunisia)",POINT (8.57333629616651 36.486867902330914)
Iban,POINT (112.27312551938454 2.2004894627065843)
South Central Vietnam,POINT (108.72926007723328 11.661674830356036)
Tainaron,POINT (22.485865826569782 36.39979665008676)
Lingthem and vicinity,POINT (88.4963197860609 27.52002397725712)
Nambicuara,POINT (-55.85189034235653 -11.286887770841425)
Uruk,POINT (45.63635028664906 31.322119959303556)
"The site of Najran, South Arabia, including the archaological site of Hima.",POINT (44.334341085964574 17.8968555208024)
Tell Deir 'Alla,POINT (35.62089064683764 32.196461337676276)
Locations of the New Prophecy,POINT (29.265435578117863 39.63170719056447)
The United States (primarily the west coast and the midwest) as well as Australia,POINT (2.6856046286323947 7.305856697071873)
Middle and Lower Yellow River Valley,POINT (113.65142914019968 37.13096075762449)
Alaska,POINT (-156.19306183640657 62.417214743088905)
The Republic of Haiti,POINT (-73.2013217792641 18.731655693452595)
"South Asia (India, Sri Lanka, Pakistan, Bangladesh, and Nepal)",POINT (79.39321158531686 21.960128047896223)
"Nilgiri Hills, western Tamil Nadu state, India",POINT (76.72912046368683 11.347111873817912)
Kiribati,POINT (174.80834704236872 -0.4684098797804882)
Kelantan,POINT (102.04912615777816 6.1488621252444755)
Demetrias,POINT (22.925074820842724 39.34478738055762)
Han,POINT (110.75587416251997 30.00525197789743)
Chishti Order,POINT (78.07555390302919 24.729395008468916)
Iron Age Ireland,POINT (-8.000500833930559 53.401544176214685)
Internet Based,POINT (-1.0303516021009553 3.8969604399163384)
Ladakh,POINT (76.82649344030601 34.97084358224923)
Kapingamarangi,POINT (154.76502625703083 1.069503426988609)
israel,POINT (34.92284493990487 31.481718550482714)
kwakwaka'wakw Indigenous Territory,POINT (-126.68809019599004 50.72565000741586)
Ancient Aksum,POINT (38.65196013643243 13.188996528829781)
Unitarian Univeralist Organizations and Congregations,POINT (-24.843763999999993 52.35304766666667)
Cairo,POINT (31.318376708866786 30.129130240428562)
Central Mexico,POINT (-99.14038955855295 19.453712448760736)
"Karnataka, India, Andhra Pradesh, India",POINT (76.17360334161363 14.697782958001078)
Sparta and surrounding territory (chora),POINT (22.47910308476276 36.895491009150874)
Omaha Lands ca. 1860,POINT (-97.158008384353 42.05802281773523)
LiangzheCircuit,POINT (120.3180017643958 29.57252255754614)
Egypt - New Kingdom,POINT (31.394512637701897 28.350903976877348)
Dion,POINT (22.49532606484955 40.17622523842109)
Nubia,POINT (30.67329302781702 19.844073117412055)
Tang China,POINT (107.02814581335225 37.21999447781605)
Peregrine_LowerEgyptPreDynastic,POINT (30.6216201890823 28.4770775528708)
"Shilluk lands, ca. 1910",POINT (31.48598334477202 9.740017631497858)
"Alexandria, Egypt",POINT (29.929978214367175 31.20148778604342)
Vicinity of the Rio Blanco,POINT (-63.77268871272157 -13.773612961069993)
"Britain, Guyana",POINT (-14.622178706412308 43.65683106078573)
Opus Dei (66 Countries),POINT (1.3161506064593889 37.396394745057925)
Huronia,POINT (-79.77930802179498 44.599999394043536)
Peregrine_CentralAfricanIronAge,POINT (21.869482717682377 -2.4523755596582926)
Tupinamba,POINT (-41.13653388053748 -9.963773802899969)
Empire of Nicaea,POINT (29.991903111884767 39.70400108146548)
Mundurucu Territory ca. 1850,POINT (-57.68220001091056 -7.011267909026514)
16-17c. Gauḍīya Vaiṣṇava tradition-2,POINT (83.50188001161094 24.005022118309)
"Medieval Europe: France, England, Wales, Ireland, Italy, Germany, Denmark, Iceland and the Netherlands.",POINT (0.3850751798816421 51.05628615775483)
Sakya Region,POINT (92.36193540077407 30.02863420373798)
Indo-Afghan Frontier,POINT (67.71319245055635 32.43264705433714)
Kingdom of Kongo map,POINT (19.705001835367348 -5.944445121703058)
Aymara,POINT (-68.92656540040173 -16.061038723630936)
"Yap Island, Federated States of Micronesia",POINT (138.12739366131746 9.541127641421516)
Guajira Peninsula,POINT (-71.95983587757095 11.79647362437755)
Miskito,POINT (-83.56824090931117 13.643379429783286)
"Dingzhou Tomb (Bajiaolang Village, Dingzhou City)",POINT (114.95923441344678 38.48957928730733)
Thessaloniki,POINT (22.946779247008084 40.63290642251313)
West Bengal,POINT (87.3329315791613 22.754303915063797)
Amarna,POINT (30.894375062964183 27.63401550921426)
"Nyae Nyae region, Namibia",POINT (20.400694940413942 -19.753073155432677)
Mongolia ca. 1920,POINT (96.87456602831263 46.815295697969816)
Alchi village,POINT (77.1752516488859 34.22377561949893)
Tomb of Meryre II,POINT (30.926088791774884 27.66427287965332)
"Huichol Territory, Nayarit and Jalisco, Mexico",POINT (-104.12971458925416 22.100078095156945)
"West Bengal, India and Bangladesh (Previously known as East Pakistan and portions of Bengal Presidency)",POINT (89.44608241406664 23.661025897290408)
Punjab,POINT (73.97622083340634 30.793700393800126)
Mundurucu,POINT (-59.44602476050683 -4.055595363843124)
Cham Ahiér,POINT (108.18924029466984 11.283100623605112)
Jivaro of Ecuador and Peru,POINT (-77.72146246509678 -2.9922470931869825)
Chu (655-585 BCE) - extended eastern borders,POINT (115.89004436079004 32.00808389258746)
Latter Day Saints (1830–1951),POINT (-93.8577313006279 39.98200513675292)
North Africa/Africa Proconsularis,POINT (10.846966102536353 34.26296444238633)
"Nuku Hiva Island, French Polynesia",POINT (-140.1267006088915 -8.887447395010302)
Saramacca,POINT (-55.245827476453485 3.7317594538514416)
atest,POINT (-75.55063922479705 20.294079375363065)
Le Rif,POINT (-3.7176507580725766 34.871592773819884)
"South Asia, Southeast Asia",POINT (82.953218809161 21.637139689482552)
Early Christianity and Ancient Judaism,POINT (23.405844206224675 36.787886378030024)
'Pashupati Kshetra',POINT (85.3509064296558 27.708985231906976)
"Nomitsi, Messinia (Outer Mani), Peloponnese, southern Greece",POINT (22.328569925797957 36.78746729719555)
Tang China (ca. 820),POINT (114.72251096343565 31.787710352412546)
Sicily: Sanctuary of Malophoros,POINT (12.816954314159261 37.58699675018571)
New Kingdom Egypt,POINT (31.91382131337697 25.590556204137492)
"Yambio area, South Sudan",POINT (28.409724812984383 4.568258035252955)
Kananga,POINT (22.422039793246768 -5.896324608646998)
Chogha Zanbil,POINT (48.52180061468512 32.00898377422887)
Roman Empire (Greatest Extent),POINT (15.73462195302368 38.757674247258684)
Oaxaca Central Valleys,POINT (-96.64175086203667 16.852562042506392)
Skidi Band Territory,POINT (-97.76668476074872 41.4192791629299)
Ammon,POINT (35.90353071324779 31.98997885721535)
Altar of Hieron II-Syracuse,POINT (15.276750250004396 37.0745531219341)
"Jebel Marra, Sudan",POINT (23.921635665809855 13.084950768945262)
The Globe,POINT (-152.36027888750408 29.2886465934228)
The Metroon at Demetrias,POINT (22.938748969518397 39.34408766490804)
Greater Kathmandu Valley,POINT (85.33968041670867 27.687941414487813)
South Asia,POINT (78.10349253996962 23.846226409403737)
Tibetan Plateau,POINT (76.40623599999999 44.451054)
Tel Shiloh/Khirbet Seilun,POINT (35.2900244088124 32.05578531915258)
Western Europe,POINT (2.859153404257279 46.650446264083655)
The United States,POINT (-114.1494966053157 45.0807072902028)
Levant,POINT (35.054231088156776 31.653606376964767)
Bribri,POINT (-83.13427595413319 8.992204855864165)
Worldwide Wesleyan Populations,POINT (-1.6406390000000002 59.783161666666665)
Latin America,POINT (-67.33431096583476 -10.148624841250182)
U.S. and Canada,POINT (-102.30380336341861 57.27314382186288)
Theban Necropolis,POINT (32.59568976512694 25.731689554325122)
Metroon,POINT (23.72201663686169 37.97524450962531)
Gaul,POINT (2.483127072148419 46.88427674909348)
"Punjab, Delhi-India",POINT (76.63550085318423 29.526219978960174)
Monastery of Saint Neophytos,POINT (32.445969704123286 34.84652766773265)
Peak Sanctuary of Petsofas,POINT (26.27868530406157 35.18668780449613)
Peregrine_CentralAfricanNeolithic,POINT (21.869482717682377 -2.4523755596582926)
Sápmi (The Sámi Land),POINT (22.492788807368527 67.16064382259111)
"Oneida, New York",POINT (-75.6463672689528 43.09710178999428)
New Kingdom Nile Valley,POINT (31.649461908987373 27.154976771676996)
Papago,POINT (-111.4091989791181 31.816000542588025)
Classical Greece,POINT (23.76794994934199 37.916531704936666)
Elephantine,POINT (32.889075941040744 24.09116173950476)
Valley of the Queens- Tomb of Nefertari (QV66),POINT (32.59264666666667 25.727937000000004)
Yahgan,POINT (-68.12943356100942 -55.402035534849304)
Ephesian Civic Core & Surrounding Area,POINT (27.344354113792164 37.94373326982299)
"Saru Basin, Hokkaido, Japan",POINT (142.86036882529717 42.99497521921189)
"Qufu, Shandong",POINT (116.99112158132658 35.59554473857779)
"Thalames, Mani, Messinia, Greece",POINT (22.33301737222947 36.78640570611772)
"Punjab Region, India",POINT (76.53340078701628 29.6095960994587)
Medieval Christianity,POINT (6.112381224374429 51.055547088142774)
Aceh,POINT (96.58708463267628 3.932399352892564)
Tang China (c. 700 CE),POINT (102.52656383917285 35.591421330525556)
"Bedouin grazing territory, Saudi Arabia",POINT (39.53995555463134 30.986704437743683)
Central Kalimantan,POINT (113.40564858933678 -1.6097855294527772)
Agora of Athens,POINT (23.72299084895032 37.97491866965932)
China in the seventeenth century,POINT (116.70737881530204 38.857732630565266)
Western Asia,POINT (48.42660494265957 32.20163916053931)
Trumai,POINT (-52.55878933394248 -7.7183300665426104)
Babylonia,POINT (44.87220974410811 32.37197318998939)
Huainan Kingdom,POINT (117.28927319415332 29.272285757963783)
Kourion,POINT (32.88393035047537 34.6662543927442)
Guangzhou,POINT (113.52653297360682 23.336658030959512)
"Chatham Islands, Pacific Ocean",POINT (-176.48817440328986 -44.01009535002264)
Osroene,POINT (39.46910264334024 36.56330188665469)
Ancient Judah,POINT (35.061659614566736 31.49010746529823)
Peregrine_EastAfricanNeolithic_4000,POINT (38.367034582284866 4.998735168087268)
Temples of Fortuna and Mater Matuta,POINT (12.48124984934155 41.89068213212335)
"Ganghwa Island, South Korea",POINT (126.49555779228504 37.610401801074)
early Indian Buddhism,POINT (76.7753039280905 24.29512680983921)
Tiger Hill,POINT (120.58180119886713 31.334258083736945)
Ganden Monastery,POINT (91.47393602417725 29.752468786010322)
The Russian Empire (2),POINT (90.33299053444358 59.57574815637926)
General range of use for the Dazhidu lun,POINT (113.98124971431047 35.810577304100455)
Mediterranean and Mesopotamia,POINT (28.766357827632824 35.5054448098448)
Peregrine_UpperEgyptPreDynastic,POINT (32.19894902351565 23.928619250624852)
Ming Dynasty,POINT (111.49349022524892 31.02350046454895)
"Bucharest, Romania",POINT (26.08125349229537 44.42599199936623)
Limnai,POINT (22.435119921234367 37.083127758243975)
Basin of Mexico,POINT (-99.16879568794371 19.533358602747253)
Athos peninsula,POINT (24.19680234098479 40.26713501405327)
Tihingan region of Bali,POINT (115.09616404691948 -8.373945184490836)
Ancient Levant,POINT (35.200248315586954 32.27360003618941)
"Tierra del Fuego, Chile",POINT (-68.88294118695549 -55.23599776642176)
Goa,POINT (73.86363636041392 15.432732913590998)
Sub Saharan Africa,POINT (19.396952280829826 0.9134265044085378)
"Longmen Grottoes in Luoyang, Henan Province, PRC",POINT (112.6162502721712 34.628153516836576)
Kurdistan,POINT (44.523663300585504 36.6119725256087)
Mongol Empire (Greatest Extent),POINT (83.08619660106201 43.050269670917814)
Free Methodist World Conference,POINT (-6.328139000000001 59.25811766666668)
New Ireland,POINT (151.81255950982558 -3.0597682611738657)
Peru,POINT (-74.35964554166499 -9.182810482254057)
Tell Damiyah,POINT (35.5469597867679 32.10381228236787)
Senegambia,POINT (-15.309764636685799 14.961169543522814)
Larissa Plain,POINT (22.52992258822467 39.52004369375892)
"Lushai Hills, Chin Hills, Arakan Hill Tracts",POINT (92.90489259287055 22.196147464448565)
South India,POINT (78.02585752968449 15.815947349643242)
Melville Island,POINT (130.9565916390458 -11.521136275841075)
Goajiro,POINT (-71.90187848550805 11.860646996590239)
Eastern Han - 140 CE,POINT (104.12740978684543 33.95821457985265)
Gamla synagogue,POINT (35.74051102493127 32.902394200550745)
Northern Song,POINT (116.23187944501049 47.72043589188516)
Gondar District,POINT (37.44847360514951 12.59459653567117)
Upper Egypt: Asyut Region,POINT (31.677906481192082 27.105415777618994)
Bhutan,POINT (90.44158231269535 27.394445736716403)
"Vihear Sour commune, Khsach Kandal district, Kandal province",POINT (105.06047829932182 11.673617173238517)
Pyramid of Unas,POINT (31.213961770743406 29.86841190824543)
United Arab Emirates,POINT (54.4086615998793 23.973627737368332)
Nimrud,POINT (43.32730762578898 36.10071213970122)
Temple at Busayra,POINT (35.60417926270415 30.745757246758085)
Cities of the German Pietists,POINT (10.114456838966117 49.34723729883588)
Early Christian Egypt,POINT (32.17764743900782 28.071619005496444)
Deccan,POINT (78.38281419879141 17.40401424214422)
The Temple at Tell Afis,POINT (36.798476359885804 35.90481312720409)
Northern Somalia,POINT (43.641272944264216 10.148153670444763)
Parsis in India,POINT (72.82605647280766 21.40070351425716)
Turkana,POINT (35.30240586715452 3.3343949297772135)
Northern Italy,POINT (9.129579934213886 45.65189569416433)
Barāqish,POINT (44.80252039945716 16.01966007799577)
"Greece, Magna Graecia",POINT (21.501633270468677 40.106253088843864)
"Nitria, Kellia, and Scetis",POINT (30.388225324237883 30.68705315069812)
Tomb of Nefermaat and Itet (Meidum 16),POINT (31.157656451360246 29.394676107406518)
Delos,POINT (25.27005211632307 37.39814327967414)
"Kalampaka, Thessaly",POINT (21.629367165478122 39.71939658388559)
Tomb of Tutankhamun,POINT (32.60141782332852 25.74047172990708)
Bankura and Birbhum disctricts of Bengal,POINT (87.21411823788077 23.50254099847719)
Petra Great Temple in Nabataean Capital,POINT (35.44230271375204 30.328467548509963)
Mandar River Valley & Polewali,POINT (119.22118510417143 -3.284880779718675)
Sarawak,POINT (112.84726762371676 2.83033013238836)
"Krishnanagar, West Bengal",POINT (88.47496372595026 23.38830499266507)
Peregrine_KhartoumNeolithic,POINT (34.52326055820032 18.949014880847596)
Orinoco Delta,POINT (-61.44121097710614 8.576122984370333)
Numinous Cliff Mountain Temple (Lingyan shan si 靈岩山寺),POINT (120.50018019435254 31.262507373738245)
Copper River Delta,POINT (-144.96994906151704 60.52937633398452)
"Reindeer division of the Chukchee, Northeastern Russia",POINT (-34.25676905884789 67.79995408670325)
Northern Britain / Scotland,POINT (-4.440851139288138 57.45885167399743)
Drukpa Kagyü School in Bhutan,POINT (90.43186953594356 27.394396954184725)
Tohono O'odham Nation Reservation,POINT (-112.07460241729406 32.15134689580026)
Tunis Médina,POINT (10.168822559695347 36.804506355067694)
Jiangnan 江南,POINT (117.85265818389807 28.77017742491126)
Tunis Jallaz,POINT (10.185216927699747 36.78705818094947)
Hidatsa territory,POINT (-101.80611523709672 47.77205022476718)
MENA + Andalusia,POINT (16.588778145255034 26.24862770476696)
"Laojun Shan, Xinjin, Sichuan",POINT (103.8071021238923 30.392539234796885)
White Sea,POINT (37.99671051454947 65.18188420974887)
Major Yogācāra-driven monasteries during the early Tang period,POINT (108.93371826040142 35.25186523685298)
Deir el-Medina,POINT (32.60149172941781 25.728395067060564)
Jiangnan Area,POINT (117.99249148869352 30.21047523397506)
Sanctuary of Demeter and Kore at Eleusis,POINT (23.537651689690612 38.041222584829754)
Western Asia & North Africa,POINT (47.10991148861192 33.19004136960578)
Rift Valley of Southern Ethiopia,POINT (37.45483962315707 5.051169356698236)
"Duque de Caxias Reservation, state of Santa Catarina, Brazil ca. 1932",POINT (-49.96360486524247 -27.9701998205244)
Chengdu area,POINT (105.20975023051031 29.762617552426804)
"Punjab Delhi, India",POINT (76.68132978775523 29.447789656971974)
North Africa,POINT (22.84583378914215 26.995901646148898)
"Lake Biwa area, Kyōto and Mt Hiei",POINT (136.0427377564651 35.2225613389915)
"Northern Province, Papua New Guinea",POINT (148.2492611213331 -8.971967917728165)
Peregrine_EastAfricanNeolithic,POINT (38.019185816932854 4.870037593596276)
Alexandria and Palestine,POINT (34.00585258790415 31.636386223906428)
North America,POINT (-92.73451395243607 51.075350239753625)
15th nome of Upper Egypt,POINT (30.805360315185307 27.80227980129805)
"Southern Pentecost Island, Vanuatu",POINT (168.22326233528415 -15.919139931562368)
"Waco, Texas",POINT (-97.02260878300609 31.589701666666667)
Tukano,POINT (-68.17669265196271 -1.6919580441673687)
Sri Lanka,POINT (80.69575625216049 7.652326688516378)
Eastern Java,POINT (113.13866898614515 -7.528075123201628)
Worldwide Wesleyan/Methodist Populations,POINT (-23.38579607022565 22.354222706479476)
"Java, Indonesia",POINT (108.48981609739776 -6.717508923806881)
"Hoskins Peninsula, New Britain.",POINT (150.48654910687162 -5.537219808820162)
Cities integrated in the Assyrian empire,POINT (44.120239718176144 33.62689025228655)
Nation of Islam in American Cities,POINT (-83.89681318560982 40.95781368784523)
Ayanis fortress (ancient Rusahinili Eidurukai),POINT (43.21162172086642 38.70825878103816)
Lakota Reservations,POINT (-101.18324415797129 45.40552648952702)
Eastern Roman Empire (300-600),POINT (29.841894666115095 35.917636438630154)
Sargonic Empire,POINT (43.94511410658992 33.94150732978784)
Dgon Lung Byams Pa Gling,POINT (102.17984705306837 36.76135430785072)
