node_id,p_ind_focal,p_ind,config_w,hamming_neighbor
0,1025926,493446,0.02116768805233634,2
0,1025926,370566,0.02116768805233634,2
0,1025926,1041286,0.02116768805233634,2
0,1025926,1027975,0.02116768805233634,2
0,1025926,1025927,0.02116768805233634,1
0,1025926,993159,0.02116768805233634,2
0,1025926,1024903,0.02116768805233634,2
0,1025926,1017606,0.02116768805233634,2
0,1025926,1027974,0.02116768805233634,1
0,1025926,1026950,0.02116768805233634,2
0,1025926,1044358,0.02116768805233634,2
0,1025926,501638,0.02116768805233634,1
0,1025926,896902,0.02116768805233634,2
0,1025926,886662,0.02116768805233634,2
0,1025926,1030023,0.02116768805233634,2
0,1025926,518022,0.02116768805233634,2
0,1025926,894854,0.02116768805233634,1
0,1025926,893830,0.02116768805233634,2
0,1025926,894598,0.02116768805233634,2
0,1025926,1042310,0.02116768805233634,1
0,1025926,1009542,0.02116768805233634,2
0,1025926,1034118,0.02116768805233634,2
0,1025926,1041798,0.02116768805233634,2
0,1025926,1042054,0.02116768805233634,2
0,1025926,894850,0.02116768805233634,2
0,1025926,632710,0.02116768805233634,2
0,1025926,503686,0.02116768805233634,2
0,1025926,500614,0.02116768805233634,2
0,1025926,894855,0.02116768805233634,2
0,1025926,763526,0.02116768805233634,2
0,1025926,436102,0.02116768805233634,2
0,1025926,1027972,0.02116768805233634,2
0,1025926,1025924,0.02116768805233634,1
0,1025926,1025671,0.02116768805233634,2
0,1025926,1025923,0.02116768805233634,2
0,1025926,1025925,0.02116768805233634,2
0,1025926,1025670,0.02116768805233634,1
0,1025926,1025922,0.02116768805233634,1
0,1025926,1025666,0.02116768805233634,2
0,1025926,894852,0.02116768805233634,2
0,1025926,1025668,0.02116768805233634,2
0,1025926,1025920,0.02116768805233634,2
0,1025926,763782,0.02116768805233634,1
0,1025926,763654,0.02116768805233634,2
0,1025926,763778,0.02116768805233634,2
0,1025926,763780,0.02116768805233634,2
0,1025926,765830,0.02116768805233634,2
0,1025926,767878,0.02116768805233634,2
0,1025926,762758,0.02116768805233634,2
0,1025926,911238,0.02116768805233634,2
0,1025926,763783,0.02116768805233634,2
0,1025926,1019782,0.02116768805233634,2
0,1025926,1017734,0.02116768805233634,1
0,1025926,1024902,0.02116768805233634,1
0,1025926,1016710,0.02116768805233634,2
0,1025926,1027970,0.02116768805233634,2
0,1025926,1017730,0.02116768805233634,2
0,1025926,1024898,0.02116768805233634,2
0,1025926,1042311,0.02116768805233634,2
0,1025926,501634,0.02116768805233634,2
0,1025926,1032070,0.02116768805233634,2
0,1025926,1030022,0.02116768805233634,1
0,1025926,898950,0.02116768805233634,2
0,1025926,1027718,0.02116768805233634,2
0,1025926,1024646,0.02116768805233634,2
0,1025926,1017732,0.02116768805233634,2
0,1025926,501636,0.02116768805233634,2
0,1025926,1017735,0.02116768805233634,2
0,1025926,1042182,0.02116768805233634,2
0,1025926,1042306,0.02116768805233634,2
0,1025926,1046406,0.02116768805233634,2
0,1025926,1027990,0.02116768805233634,2
0,1025926,1021830,0.02116768805233634,2
0,1025926,1028998,0.02116768805233634,2
0,1025926,1030018,0.02116768805233634,2
0,1025926,1027982,0.02116768805233634,2
0,1025926,960390,0.02116768805233634,1
0,1025926,829318,0.02116768805233634,2
0,1025926,894726,0.02116768805233634,2
0,1025926,1025542,0.02116768805233634,2
0,1025926,1017478,0.02116768805233634,2
1,1027974,495494,0.01754665166884335,2
1,1027974,372614,0.01754665166884335,2
1,1027974,1031046,0.01754665166884335,2
1,1027974,1027975,0.01754665166884335,1
1,1027974,995207,0.01754665166884335,2
1,1027974,1025927,0.01754665166884335,2
1,1027974,1026951,0.01754665166884335,2
1,1027974,769926,0.01754665166884335,2
1,1027974,757638,0.01754665166884335,2
1,1027974,1026950,0.01754665166884335,1
1,1027974,1048454,0.01754665166884335,2
1,1027974,1044358,0.01754665166884335,1
1,1027974,501638,0.01754665166884335,2
1,1027974,896902,0.01754665166884335,1
1,1027974,634758,0.01754665166884335,2
1,1027974,896774,0.01754665166884335,2
1,1027974,1032071,0.01754665166884335,2
1,1027974,520070,0.01754665166884335,2
1,1027974,894854,0.01754665166884335,2
1,1027974,895878,0.01754665166884335,2
1,1027974,765831,0.01754665166884335,2
1,1027974,1011590,0.01754665166884335,2
1,1027974,1036166,0.01754665166884335,2
1,1027974,1042310,0.01754665166884335,2
1,1027974,1043846,0.01754665166884335,2
1,1027974,1044356,0.01754665166884335,2
1,1027974,1044102,0.01754665166884335,2
1,1027974,503687,0.01754665166884335,2
1,1027974,507782,0.01754665166884335,2
1,1027974,503686,0.01754665166884335,1
1,1027974,241542,0.01754665166884335,2
1,1027974,503684,0.01754665166884335,2
1,1027974,765574,0.01754665166884335,2
1,1027974,1025926,0.01754665166884335,1
1,1027974,896898,0.01754665166884335,2
1,1027974,1027972,0.01754665166884335,1
1,1027974,1025924,0.01754665166884335,2
1,1027974,782214,0.01754665166884335,2
1,1027974,503558,0.01754665166884335,2
1,1027974,1025670,0.01754665166884335,2
1,1027974,1025922,0.01754665166884335,2
1,1027974,763782,0.01754665166884335,2
1,1027974,765830,0.01754665166884335,1
1,1027974,765826,0.01754665166884335,2
1,1027974,765828,0.01754665166884335,2
1,1027974,764806,0.01754665166884335,2
1,1027974,913286,0.01754665166884335,2
1,1027974,1031942,0.01754665166884335,2
1,1027974,1019782,0.01754665166884335,1
1,1027974,1017734,0.01754665166884335,2
1,1027974,1018758,0.01754665166884335,2
1,1027974,1024902,0.01754665166884335,2
1,1027974,1027970,0.01754665166884335,1
1,1027974,1019778,0.01754665166884335,2
1,1027974,1026946,0.01754665166884335,2
1,1027974,1044359,0.01754665166884335,2
1,1027974,1032070,0.01754665166884335,1
1,1027974,900998,0.01754665166884335,2
1,1027974,1030022,0.01754665166884335,2
1,1027974,1027718,0.01754665166884335,1
1,1027974,1026694,0.01754665166884335,2
1,1027974,896903,0.01754665166884335,2
1,1027974,502662,0.01754665166884335,2
1,1027974,1032066,0.01754665166884335,2
1,1027974,1027590,0.01754665166884335,2
1,1027974,1044354,0.01754665166884335,2
1,1027974,1019783,0.01754665166884335,2
1,1027974,1043334,0.01754665166884335,2
1,1027974,503682,0.01754665166884335,2
1,1027974,1027842,0.01754665166884335,2
1,1027974,1044230,0.01754665166884335,2
1,1027974,1027719,0.01754665166884335,2
1,1027974,888710,0.01754665166884335,2
1,1027974,1027973,0.01754665166884335,2
1,1027974,1031814,0.01754665166884335,2
1,1027974,1027971,0.01754665166884335,2
1,1027974,1032068,0.01754665166884335,2
1,1027974,1027983,0.01754665166884335,2
1,1027974,1032086,0.01754665166884335,2
1,1027974,1027990,0.01754665166884335,1
1,1027974,765846,0.01754665166884335,2
1,1027974,1019798,0.01754665166884335,2
1,1027974,1023878,0.01754665166884335,2
1,1027974,1027986,0.01754665166884335,2
1,1027974,1032102,0.01754665166884335,2
1,1027974,1027968,0.01754665166884335,2
1,1027974,1028014,0.01754665166884335,2
1,1027974,1027982,0.01754665166884335,1
1,1027974,960390,0.01754665166884335,2
2,1027975,495495,0.015914699718411706,2
2,1027975,995207,0.015914699718411706,1
2,1027975,1025927,0.015914699718411706,1
2,1027975,993159,0.015914699718411706,2
2,1027975,1026951,0.015914699718411706,1
2,1027975,994183,0.015914699718411706,2
2,1027975,1024903,0.015914699718411706,2
2,1027975,1027974,0.015914699718411706,1
2,1027975,1026950,0.015914699718411706,2
2,1027975,1044358,0.015914699718411706,2
2,1027975,896902,0.015914699718411706,2
2,1027975,1032071,0.015914699718411706,1
2,1027975,1030023,0.015914699718411706,2
2,1027975,765847,0.015914699718411706,2
2,1027975,765831,0.015914699718411706,1
2,1027975,765827,0.015914699718411706,2
2,1027975,765863,0.015914699718411706,2
2,1027975,765895,0.015914699718411706,2
2,1027975,769927,0.015914699718411706,2
2,1027975,757639,0.015914699718411706,2
2,1027975,507783,0.015914699718411706,2
2,1027975,503687,0.015914699718411706,1
2,1027975,241543,0.015914699718411706,2
2,1027975,503685,0.015914699718411706,2
2,1027975,503686,0.015914699718411706,2
2,1027975,894855,0.015914699718411706,2
2,1027975,1025926,0.015914699718411706,2
2,1027975,372615,0.015914699718411706,2
2,1027975,896899,0.015914699718411706,2
2,1027975,1027972,0.015914699718411706,2
2,1027975,1031047,0.015914699718411706,2
2,1027975,1025671,0.015914699718411706,2
2,1027975,1025923,0.015914699718411706,2
2,1027975,1025925,0.015914699718411706,2
2,1027975,765829,0.015914699718411706,2
2,1027975,765830,0.015914699718411706,2
2,1027975,913287,0.015914699718411706,2
2,1027975,634759,0.015914699718411706,2
2,1027975,763783,0.015914699718411706,2
2,1027975,1044355,0.015914699718411706,2
2,1027975,1019782,0.015914699718411706,2
2,1027975,1027970,0.015914699718411706,2
2,1027975,1044375,0.015914699718411706,2
2,1027975,1044391,0.015914699718411706,2
2,1027975,1044359,0.015914699718411706,1
2,1027975,1044357,0.015914699718411706,2
2,1027975,1042311,0.015914699718411706,2
2,1027975,520071,0.015914699718411706,2
2,1027975,1032070,0.015914699718411706,2
2,1027975,1027718,0.015914699718411706,2
2,1027975,896903,0.015914699718411706,1
2,1027975,765575,0.015914699718411706,2
2,1027975,1019783,0.015914699718411706,1
2,1027975,1017735,0.015914699718411706,2
2,1027975,999303,0.015914699718411706,2
2,1027975,929671,0.015914699718411706,2
2,1027975,1027719,0.015914699718411706,1
2,1027975,1027969,0.015914699718411706,2
2,1027975,1027973,0.015914699718411706,1
2,1027975,1031815,0.015914699718411706,2
2,1027975,1031943,0.015914699718411706,2
2,1027975,1032067,0.015914699718411706,2
2,1027975,1027591,0.015914699718411706,2
2,1027975,1023879,0.015914699718411706,2
2,1027975,1027971,0.015914699718411706,1
2,1027975,1019779,0.015914699718411706,2
2,1027975,1032079,0.015914699718411706,2
2,1027975,1027983,0.015914699718411706,1
2,1027975,1048455,0.015914699718411706,2
2,1027975,1027990,0.015914699718411706,2
2,1027975,1036167,0.015914699718411706,2
2,1027975,1043335,0.015914699718411706,2
2,1027975,1027982,0.015914699718411706,2
3,362374,296836,0.01288054466398563,2
3,362374,370564,0.01288054466398563,2
3,362374,493447,0.01288054466398563,2
3,362374,495494,0.01288054466398563,2
3,362374,493446,0.01288054466398563,1
3,362374,427910,0.01288054466398563,2
3,362374,460678,0.01288054466398563,2
3,362374,363398,0.01288054466398563,2
3,362374,365446,0.01288054466398563,2
3,362374,369542,0.01288054466398563,2
3,362374,361350,0.01288054466398563,1
3,362374,368518,0.01288054466398563,2
3,362374,372614,0.01288054466398563,2
3,362374,364422,0.01288054466398563,1
3,362374,374662,0.01288054466398563,2
3,362374,366470,0.01288054466398563,1
3,362374,370566,0.01288054466398563,1
3,362374,364420,0.01288054466398563,2
3,362374,366468,0.01288054466398563,2
3,362374,362372,0.01288054466398563,1
3,362374,361348,0.01288054466398563,2
3,362374,501638,0.01288054466398563,2
3,362374,886662,0.01288054466398563,1
3,362374,894854,0.01288054466398563,2
3,362374,362114,0.01288054466398563,2
3,362374,108422,0.01288054466398563,2
3,362374,100226,0.01288054466398563,2
3,362374,624518,0.01288054466398563,2
3,362374,370438,0.01288054466398563,2
3,362374,380806,0.01288054466398563,2
3,362374,378758,0.01288054466398563,1
3,362374,377734,0.01288054466398563,2
3,362374,378630,0.01288054466398563,2
3,362374,362242,0.01288054466398563,2
3,362374,1017734,0.01288054466398563,2
3,362374,361346,0.01288054466398563,2
3,362374,362368,0.01288054466398563,2
3,362374,364166,0.01288054466398563,2
3,362374,362118,0.01288054466398563,1
3,362374,362246,0.01288054466398563,1
3,362374,361222,0.01288054466398563,2
3,362374,886658,0.01288054466398563,2
3,362374,361990,0.01288054466398563,2
3,362374,493442,0.01288054466398563,2
3,362374,886663,0.01288054466398563,2
3,362374,492422,0.01288054466398563,2
3,362374,493444,0.01288054466398563,2
3,362374,100230,0.01288054466398563,1
3,362374,362382,0.01288054466398563,1
3,362374,888710,0.01288054466398563,2
3,362374,885638,0.01288054466398563,2
3,362374,886660,0.01288054466398563,2
3,362374,362370,0.01288054466398563,1
3,362374,370562,0.01288054466398563,2
3,362374,370630,0.01288054466398563,2
3,362374,305030,0.01288054466398563,2
3,362374,886534,0.01288054466398563,2
4,1025927,493447,0.012290465532404439,2
4,1025927,976775,0.012290465532404439,2
4,1025927,1027975,0.012290465532404439,1
4,1025927,995207,0.012290465532404439,2
4,1025927,993159,0.012290465532404439,1
4,1025927,1026951,0.012290465532404439,2
4,1025927,1024903,0.012290465532404439,1
4,1025927,992135,0.012290465532404439,2
4,1025927,1027974,0.012290465532404439,2
4,1025927,501638,0.012290465532404439,2
4,1025927,1032071,0.012290465532404439,2
4,1025927,1030023,0.012290465532404439,1
4,1025927,894854,0.012290465532404439,2
4,1025927,765831,0.012290465532404439,2
4,1025927,911239,0.012290465532404439,2
4,1025927,1042310,0.012290465532404439,2
4,1025927,894851,0.012290465532404439,2
4,1025927,503687,0.012290465532404439,2
4,1025927,894855,0.012290465532404439,1
4,1025927,1025926,0.012290465532404439,1
4,1025927,1025924,0.012290465532404439,2
4,1025927,1025671,0.012290465532404439,1
4,1025927,894599,0.012290465532404439,2
4,1025927,1025923,0.012290465532404439,1
4,1025927,1025667,0.012290465532404439,2
4,1025927,1025925,0.012290465532404439,1
4,1025927,894853,0.012290465532404439,2
4,1025927,1025669,0.012290465532404439,2
4,1025927,1025921,0.012290465532404439,2
4,1025927,1025670,0.012290465532404439,2
4,1025927,1025922,0.012290465532404439,2
4,1025927,763782,0.012290465532404439,2
4,1025927,1041287,0.012290465532404439,2
4,1025927,767879,0.012290465532404439,2
4,1025927,763783,0.012290465532404439,1
4,1025927,1017734,0.012290465532404439,2
4,1025927,1024902,0.012290465532404439,2
4,1025927,1044359,0.012290465532404439,2
4,1025927,1042311,0.012290465532404439,1
4,1025927,518023,0.012290465532404439,2
4,1025927,1030022,0.012290465532404439,2
4,1025927,896903,0.012290465532404439,2
4,1025927,886663,0.012290465532404439,2
4,1025927,1019783,0.012290465532404439,2
4,1025927,1017735,0.012290465532404439,1
4,1025927,1025795,0.012290465532404439,2
4,1025927,1017731,0.012290465532404439,2
4,1025927,997255,0.012290465532404439,2
4,1025927,927623,0.012290465532404439,2
4,1025927,1027719,0.012290465532404439,2
4,1025927,1027973,0.012290465532404439,2
4,1025927,1021831,0.012290465532404439,2
4,1025927,1027971,0.012290465532404439,2
4,1025927,1030019,0.012290465532404439,2
4,1025927,1027983,0.012290465532404439,2
4,1025927,1034119,0.012290465532404439,2
4,1025927,780167,0.012290465532404439,2
4,1025927,960390,0.012290465532404439,2
4,1025927,1017479,0.012290465532404439,2
5,634758,372614,0.010330348913454473,2
5,634758,769926,0.010330348913454473,2
5,634758,757638,0.010330348913454473,2
5,634758,1027974,0.010330348913454473,2
5,634758,896902,0.010330348913454473,1
5,634758,896774,0.010330348913454473,2
5,634758,634630,0.010330348913454473,1
5,634758,894854,0.010330348913454473,2
5,634758,895878,0.010330348913454473,2
5,634758,765831,0.010330348913454473,2
5,634758,638854,0.010330348913454473,1
5,634758,126854,0.010330348913454473,2
5,634758,114566,0.010330348913454473,2
5,634758,110471,0.010330348913454473,2
5,634758,110470,0.010330348913454473,1
5,634758,108422,0.010330348913454473,2
5,634758,110468,0.010330348913454473,2
5,634758,632706,0.010330348913454473,2
5,634758,632774,0.010330348913454473,2
5,634758,632710,0.010330348913454473,1
5,634758,624518,0.010330348913454473,2
5,634758,638886,0.010330348913454473,2
5,634758,110466,0.010330348913454473,2
5,634758,110214,0.010330348913454473,2
5,634758,110342,0.010330348913454473,2
5,634758,241542,0.010330348913454473,2
5,634758,109446,0.010330348913454473,2
5,634758,765574,0.010330348913454473,2
5,634758,633478,0.010330348913454473,2
5,634758,634752,0.010330348913454473,2
5,634758,634498,0.010330348913454473,2
5,634758,896898,0.010330348913454473,2
5,634758,651143,0.010330348913454473,2
5,634758,651142,0.010330348913454473,1
5,634758,651138,0.010330348913454473,2
5,634758,636806,0.010330348913454473,2
5,634758,634502,0.010330348913454473,1
5,634758,634754,0.010330348913454473,1
5,634758,782214,0.010330348913454473,2
5,634758,632454,0.010330348913454473,2
5,634758,634631,0.010330348913454473,2
5,634758,634374,0.010330348913454473,2
5,634758,634626,0.010330348913454473,2
5,634758,763782,0.010330348913454473,2
5,634758,765830,0.010330348913454473,1
5,634758,765826,0.010330348913454473,2
5,634758,765828,0.010330348913454473,2
5,634758,655238,0.010330348913454473,2
5,634758,649094,0.010330348913454473,2
5,634758,651140,0.010330348913454473,2
5,634758,638850,0.010330348913454473,2
5,634758,618374,0.010330348913454473,2
5,634758,601990,0.010330348913454473,1
5,634758,650118,0.010330348913454473,2
5,634758,633734,0.010330348913454473,1
5,634758,600966,0.010330348913454473,2
5,634758,601986,0.010330348913454473,2
5,634758,633730,0.010330348913454473,2
5,634758,634756,0.010330348913454473,1
5,634758,601988,0.010330348913454473,2
5,634758,633732,0.010330348913454473,2
5,634758,650886,0.010330348913454473,2
5,634758,637830,0.010330348913454473,2
5,634758,764806,0.010330348913454473,2
5,634758,631686,0.010330348913454473,2
5,634758,913286,0.010330348913454473,2
5,634758,634759,0.010330348913454473,1
5,634758,634503,0.010330348913454473,2
5,634758,634755,0.010330348913454473,2
5,634758,634500,0.010330348913454473,2
5,634758,638726,0.010330348913454473,2
5,634758,900998,0.010330348913454473,2
5,634758,626566,0.010330348913454473,1
5,634758,593798,0.010330348913454473,2
5,634758,625542,0.010330348913454473,2
5,634758,626438,0.010330348913454473,2
5,634758,626562,0.010330348913454473,2
5,634758,896903,0.010330348913454473,2
5,634758,888710,0.010330348913454473,2
5,634758,651014,0.010330348913454473,2
5,634758,765846,0.010330348913454473,2
5,634758,632582,0.010330348913454473,2
6,1044358,1041286,0.009919460139671654,2
6,1044358,1044134,0.009919460139671654,2
6,1044358,1027975,0.009919460139671654,2
6,1044358,1027974,0.009919460139671654,1
6,1044358,1026950,0.009919460139671654,2
6,1044358,1048454,0.009919460139671654,1
6,1044358,896902,0.009919460139671654,2
6,1044358,524166,0.009919460139671654,2
6,1044358,520070,0.009919460139671654,1
6,1044358,518022,0.009919460139671654,2
6,1044358,519046,0.009919460139671654,2
6,1044358,520068,0.009919460139671654,2
6,1044358,1011590,0.009919460139671654,1
6,1044358,1036166,0.009919460139671654,1
6,1044358,1003398,0.009919460139671654,2
6,1044358,1042310,0.009919460139671654,1
6,1044358,1009542,0.009919460139671654,2
6,1044358,1034118,0.009919460139671654,2
6,1044358,1043846,0.009919460139671654,1
6,1044358,1011078,0.009919460139671654,2
6,1044358,1035654,0.009919460139671654,2
6,1044358,1041798,0.009919460139671654,2
6,1044358,1044356,0.009919460139671654,1
6,1044358,1044166,0.009919460139671654,2
6,1044358,1044102,0.009919460139671654,1
6,1044358,1042054,0.009919460139671654,2
6,1044358,1044098,0.009919460139671654,2
6,1044358,519814,0.009919460139671654,2
6,1044358,503686,0.009919460139671654,2
6,1044358,1025926,0.009919460139671654,2
6,1044358,651142,0.009919460139671654,2
6,1044358,1027972,0.009919460139671654,2
6,1044358,782214,0.009919460139671654,1
6,1044358,782210,0.009919460139671654,2
6,1044358,782212,0.009919460139671654,2
6,1044358,765830,0.009919460139671654,2
6,1044358,913287,0.009919460139671654,2
6,1044358,913286,0.009919460139671654,1
6,1044358,911238,0.009919460139671654,2
6,1044358,912262,0.009919460139671654,2
6,1044358,913282,0.009919460139671654,2
6,1044358,1043974,0.009919460139671654,2
6,1044358,1048326,0.009919460139671654,2
6,1044358,1044355,0.009919460139671654,2
6,1044358,1019782,0.009919460139671654,2
6,1044358,1027970,0.009919460139671654,2
6,1044358,1048470,0.009919460139671654,2
6,1044358,1048486,0.009919460139671654,2
6,1044358,1048198,0.009919460139671654,2
6,1044358,1048450,0.009919460139671654,2
6,1044358,1044375,0.009919460139671654,2
6,1044358,1044391,0.009919460139671654,2
6,1044358,1044359,0.009919460139671654,1
6,1044358,1044357,0.009919460139671654,2
6,1044358,1042311,0.009919460139671654,2
6,1044358,520071,0.009919460139671654,2
6,1044358,388998,0.009919460139671654,2
6,1044358,1032070,0.009919460139671654,2
6,1044358,1027718,0.009919460139671654,2
6,1044358,1044354,0.009919460139671654,1
6,1044358,1043334,0.009919460139671654,1
6,1044358,1044230,0.009919460139671654,1
6,1044358,978694,0.009919460139671654,2
6,1044358,1036038,0.009919460139671654,2
6,1044358,1042182,0.009919460139671654,2
6,1044358,1043206,0.009919460139671654,2
6,1044358,1042306,0.009919460139671654,2
6,1044358,1043330,0.009919460139671654,2
6,1044358,913030,0.009919460139671654,2
6,1044358,257926,0.009919460139671654,2
6,1044358,781958,0.009919460139671654,2
6,1044358,782086,0.009919460139671654,2
6,1044358,1040262,0.009919460139671654,2
6,1044358,1046406,0.009919460139671654,2
6,1044358,1047430,0.009919460139671654,2
6,1044358,1035142,0.009919460139671654,2
6,1044358,1048455,0.009919460139671654,2
6,1044358,1027990,0.009919460139671654,2
6,1044358,1036167,0.009919460139671654,2
6,1044358,1043335,0.009919460139671654,2
6,1044358,1044352,0.009919460139671654,2
6,1044358,1027982,0.009919460139671654,2
7,1044359,976775,0.009896372705871775,2
7,1044359,1027975,0.009896372705871775,1
7,1044359,995207,0.009896372705871775,2
7,1044359,1025927,0.009896372705871775,2
7,1044359,1026951,0.009896372705871775,2
7,1044359,1027974,0.009896372705871775,2
7,1044359,1048454,0.009896372705871775,2
7,1044359,1044358,0.009896372705871775,1
7,1044359,1032071,0.009896372705871775,2
7,1044359,520070,0.009896372705871775,2
7,1044359,765831,0.009896372705871775,2
7,1044359,1047431,0.009896372705871775,2
7,1044359,911239,0.009896372705871775,2
7,1044359,1011590,0.009896372705871775,2
7,1044359,1036166,0.009896372705871775,2
7,1044359,1042310,0.009896372705871775,2
7,1044359,1043846,0.009896372705871775,2
7,1044359,1044356,0.009896372705871775,2
7,1044359,1044102,0.009896372705871775,2
7,1044359,503687,0.009896372705871775,2
7,1044359,978831,0.009896372705871775,2
7,1044359,388999,0.009896372705871775,2
7,1044359,651143,0.009896372705871775,2
7,1044359,782214,0.009896372705871775,2
7,1044359,1041287,0.009896372705871775,2
7,1044359,524167,0.009896372705871775,2
7,1044359,913287,0.009896372705871775,1
7,1044359,912263,0.009896372705871775,2
7,1044359,913283,0.009896372705871775,2
7,1044359,913286,0.009896372705871775,2
7,1044359,1044355,0.009896372705871775,1
7,1044359,1044407,0.009896372705871775,2
7,1044359,1044375,0.009896372705871775,1
7,1044359,1044391,0.009896372705871775,1
7,1044359,1044371,0.009896372705871775,2
7,1044359,1044387,0.009896372705871775,2
7,1044359,1044373,0.009896372705871775,2
7,1044359,1044389,0.009896372705871775,2
7,1044359,1044357,0.009896372705871775,1
7,1044359,1044353,0.009896372705871775,2
7,1044359,519815,0.009896372705871775,2
7,1044359,1042311,0.009896372705871775,1
7,1044359,520071,0.009896372705871775,1
7,1044359,518023,0.009896372705871775,2
7,1044359,519047,0.009896372705871775,2
7,1044359,896903,0.009896372705871775,2
7,1044359,520067,0.009896372705871775,2
7,1044359,1044354,0.009896372705871775,2
7,1044359,1019783,0.009896372705871775,2
7,1044359,1043334,0.009896372705871775,2
7,1044359,1044230,0.009896372705871775,2
7,1044359,1027719,0.009896372705871775,2
7,1044359,1027973,0.009896372705871775,2
7,1044359,1027971,0.009896372705871775,2
7,1044359,1027983,0.009896372705871775,2
7,1044359,1048455,0.009896372705871775,1
7,1044359,1036167,0.009896372705871775,1
7,1044359,1034119,0.009896372705871775,2
7,1044359,1043335,0.009896372705871775,1
7,1044359,1035143,0.009896372705871775,2
7,1044359,511879,0.009896372705871775,2
7,1044359,780167,0.009896372705871775,2
8,1017734,493447,0.00853567226722029,2
8,1017734,495494,0.00853567226722029,2
8,1017734,493446,0.00853567226722029,1
8,1017734,427910,0.00853567226722029,2
8,1017734,460678,0.00853567226722029,2
8,1017734,362374,0.00853567226722029,2
8,1017734,1025927,0.00853567226722029,2
8,1017734,1017606,0.00853567226722029,1
8,1017734,757638,0.00853567226722029,2
8,1017734,1027974,0.00853567226722029,2
8,1017734,501638,0.00853567226722029,2
8,1017734,886662,0.00853567226722029,1
8,1017734,894854,0.00853567226722029,2
8,1017734,1036166,0.00853567226722029,2
8,1017734,1042310,0.00853567226722029,2
8,1017734,1034118,0.00853567226722029,1
8,1017734,1001350,0.00853567226722029,2
8,1017734,1033606,0.00853567226722029,2
8,1017734,624518,0.00853567226722029,2
8,1017734,1025926,0.00853567226722029,1
8,1017734,1025924,0.00853567226722029,2
8,1017734,1025670,0.00853567226722029,2
8,1017734,1025922,0.00853567226722029,2
8,1017734,763782,0.00853567226722029,2
8,1017734,1019782,0.00853567226722029,1
8,1017734,1018758,0.00853567226722029,2
8,1017734,1024902,0.00853567226722029,2
8,1017734,1016710,0.00853567226722029,1
8,1017734,1019778,0.00853567226722029,2
8,1017734,1017730,0.00853567226722029,1
8,1017734,1016706,0.00853567226722029,2
8,1017734,886658,0.00853567226722029,2
8,1017734,1030022,0.00853567226722029,2
8,1017734,493442,0.00853567226722029,2
8,1017734,1017732,0.00853567226722029,1
8,1017734,886663,0.00853567226722029,2
8,1017734,492422,0.00853567226722029,2
8,1017734,493444,0.00853567226722029,2
8,1017734,1019783,0.00853567226722029,2
8,1017734,1017735,0.00853567226722029,1
8,1017734,1033990,0.00853567226722029,2
8,1017734,1017731,0.00853567226722029,2
8,1017734,888710,0.00853567226722029,2
8,1017734,885638,0.00853567226722029,2
8,1017734,886660,0.00853567226722029,2
8,1017734,1021831,0.00853567226722029,2
8,1017734,1038214,0.00853567226722029,2
8,1017734,1033094,0.00853567226722029,2
8,1017734,1019798,0.00853567226722029,2
8,1017734,1023878,0.00853567226722029,2
8,1017734,1034119,0.00853567226722029,2
8,1017734,1021830,0.00853567226722029,1
8,1017734,1020806,0.00853567226722029,2
8,1017734,1021826,0.00853567226722029,2
8,1017734,960390,0.00853567226722029,2
8,1017734,886534,0.00853567226722029,2
8,1017734,1017479,0.00853567226722029,2
8,1017734,1017478,0.00853567226722029,1
8,1017734,1017474,0.00853567226722029,2
8,1017734,1017476,0.00853567226722029,2
9,769926,1031046,0.007790651598817779,2
9,769926,761734,0.007790651598817779,1
9,769926,696198,0.007790651598817779,2
9,769926,728966,0.007790651598817779,2
9,769926,769923,0.007790651598817779,2
9,769926,769954,0.007790651598817779,2
9,769926,769922,0.007790651598817779,1
9,769926,761730,0.007790651598817779,2
9,769926,769920,0.007790651598817779,2
9,769926,769974,0.007790651598817779,2
9,769926,769958,0.007790651598817779,1
9,769926,704422,0.007790651598817779,2
9,769926,769702,0.007790651598817779,2
9,769926,757638,0.007790651598817779,2
9,769926,1027974,0.007790651598817779,2
9,769926,1048454,0.007790651598817779,2
9,769926,634758,0.007790651598817779,2
9,769926,1032071,0.007790651598817779,2
9,769926,765831,0.007790651598817779,2
9,769926,769959,0.007790651598817779,2
9,769926,769991,0.007790651598817779,2
9,769926,769927,0.007790651598817779,1
9,769926,761735,0.007790651598817779,2
9,769926,638854,0.007790651598817779,1
9,769926,114566,0.007790651598817779,2
9,769926,638886,0.007790651598817779,2
9,769926,245639,0.007790651598817779,2
9,769926,507782,0.007790651598817779,2
9,769926,245638,0.007790651598817779,1
9,769926,241542,0.007790651598817779,2
9,769926,245636,0.007790651598817779,2
9,769926,765574,0.007790651598817779,2
9,769926,636806,0.007790651598817779,2
9,769926,768903,0.007790651598817779,2
9,769926,786306,0.007790651598817779,2
9,769926,782214,0.007790651598817779,2
9,769926,763782,0.007790651598817779,2
9,769926,765830,0.007790651598817779,1
9,769926,765826,0.007790651598817779,2
9,769926,765828,0.007790651598817779,2
9,769926,655238,0.007790651598817779,2
9,769926,638850,0.007790651598817779,2
9,769926,767878,0.007790651598817779,1
9,769926,768902,0.007790651598817779,1
9,769926,637830,0.007790651598817779,2
9,769926,764806,0.007790651598817779,2
9,769926,766854,0.007790651598817779,2
9,769926,767879,0.007790651598817779,2
9,769926,786182,0.007790651598817779,2
9,769926,1031942,0.007790651598817779,2
9,769926,769798,0.007790651598817779,1
9,769926,638726,0.007790651598817779,2
9,769926,769542,0.007790651598817779,2
9,769926,1032070,0.007790651598817779,1
9,769926,900998,0.007790651598817779,2
9,769926,1030022,0.007790651598817779,2
9,769926,1032066,0.007790651598817779,2
9,769926,778118,0.007790651598817779,2
9,769926,704391,0.007790651598817779,2
9,769926,769671,0.007790651598817779,2
9,769926,769799,0.007790651598817779,2
9,769926,1031814,0.007790651598817779,2
9,769926,769670,0.007790651598817779,1
9,769926,769666,0.007790651598817779,2
9,769926,769794,0.007790651598817779,2
9,769926,1032068,0.007790651598817779,2
9,769926,1032086,0.007790651598817779,2
9,769926,769942,0.007790651598817779,1
9,769926,761750,0.007790651598817779,2
9,769926,765846,0.007790651598817779,2
9,769926,1023878,0.007790651598817779,2
9,769926,769938,0.007790651598817779,2
9,769926,769943,0.007790651598817779,2
9,769926,1032102,0.007790651598817779,2
9,769926,760710,0.007790651598817779,2
9,769926,786342,0.007790651598817779,2
10,1025922,1025927,0.007701496402856931,2
10,1025922,1027974,0.007701496402856931,2
10,1025922,501638,0.007701496402856931,2
10,1025922,894854,0.007701496402856931,2
10,1025922,1042304,0.007701496402856931,2
10,1025922,501506,0.007701496402856931,2
10,1025922,1042310,0.007701496402856931,2
10,1025922,1042050,0.007701496402856931,2
10,1025922,894851,0.007701496402856931,2
10,1025922,894850,0.007701496402856931,1
10,1025922,632706,0.007701496402856931,2
10,1025922,894848,0.007701496402856931,2
10,1025922,500610,0.007701496402856931,2
10,1025922,763522,0.007701496402856931,2
10,1025922,1025926,0.007701496402856931,1
10,1025922,896898,0.007701496402856931,2
10,1025922,1025924,0.007701496402856931,2
10,1025922,1025923,0.007701496402856931,1
10,1025922,1025667,0.007701496402856931,2
10,1025922,1025921,0.007701496402856931,2
10,1025922,1025670,0.007701496402856931,2
10,1025922,1025666,0.007701496402856931,1
10,1025922,894594,0.007701496402856931,2
10,1025922,1025920,0.007701496402856931,1
10,1025922,1025664,0.007701496402856931,2
10,1025922,763782,0.007701496402856931,2
10,1025922,763778,0.007701496402856931,1
10,1025922,763650,0.007701496402856931,2
10,1025922,763776,0.007701496402856931,2
10,1025922,765826,0.007701496402856931,2
10,1025922,911234,0.007701496402856931,2
10,1025922,1017734,0.007701496402856931,2
10,1025922,1024902,0.007701496402856931,2
10,1025922,1027970,0.007701496402856931,1
10,1025922,1019778,0.007701496402856931,2
10,1025922,1017730,0.007701496402856931,1
10,1025922,1026946,0.007701496402856931,2
10,1025922,1024898,0.007701496402856931,1
10,1025922,1016706,0.007701496402856931,2
10,1025922,501634,0.007701496402856931,1
10,1025922,501122,0.007701496402856931,2
10,1025922,886658,0.007701496402856931,2
10,1025922,1030022,0.007701496402856931,2
10,1025922,493442,0.007701496402856931,2
10,1025922,1032066,0.007701496402856931,2
10,1025922,1044354,0.007701496402856931,2
10,1025922,1025795,0.007701496402856931,2
10,1025922,503682,0.007701496402856931,2
10,1025922,1017731,0.007701496402856931,2
10,1025922,1027842,0.007701496402856931,2
10,1025922,1046402,0.007701496402856931,2
10,1025922,1042306,0.007701496402856931,1
10,1025922,1041282,0.007701496402856931,2
10,1025922,1027971,0.007701496402856931,2
10,1025922,1030019,0.007701496402856931,2
10,1025922,1027986,0.007701496402856931,2
10,1025922,1030018,0.007701496402856931,1
10,1025922,1021826,0.007701496402856931,2
10,1025922,1028994,0.007701496402856931,2
10,1025922,370562,0.007701496402856931,2
10,1025922,1027968,0.007701496402856931,2
10,1025922,960390,0.007701496402856931,2
10,1025922,894722,0.007701496402856931,2
10,1025922,1025538,0.007701496402856931,2
10,1025922,1017474,0.007701496402856931,2
11,894854,829316,0.007077816614649814,2
11,894854,370564,0.007077816614649814,2
11,894854,369542,0.007077816614649814,2
11,894854,372614,0.007077816614649814,2
11,894854,374662,0.007077816614649814,2
11,894854,370566,0.007077816614649814,1
11,894854,362374,0.007077816614649814,2
11,894854,1025927,0.007077816614649814,2
11,894854,1027974,0.007077816614649814,2
11,894854,501638,0.007077816614649814,2
11,894854,896902,0.007077816614649814,1
11,894854,634758,0.007077816614649814,2
11,894854,896774,0.007077816614649814,2
11,894854,886662,0.007077816614649814,1
11,894854,895878,0.007077816614649814,2
11,894854,893830,0.007077816614649814,1
11,894854,894598,0.007077816614649814,1
11,894854,911239,0.007077816614649814,2
11,894854,910982,0.007077816614649814,2
11,894854,108422,0.007077816614649814,2
11,894854,1042310,0.007077816614649814,2
11,894854,894851,0.007077816614649814,2
11,894854,894850,0.007077816614649814,1
11,894854,632706,0.007077816614649814,2
11,894854,894848,0.007077816614649814,2
11,894854,632774,0.007077816614649814,2
11,894854,632710,0.007077816614649814,1
11,894854,624518,0.007077816614649814,2
11,894854,894855,0.007077816614649814,1
11,894854,1025926,0.007077816614649814,1
11,894854,896898,0.007077816614649814,2
11,894854,636806,0.007077816614649814,2
11,894854,1025924,0.007077816614649814,2
11,894854,370438,0.007077816614649814,2
11,894854,632454,0.007077816614649814,2
11,894854,894599,0.007077816614649814,2
11,894854,894853,0.007077816614649814,2
11,894854,1025670,0.007077816614649814,2
11,894854,1025922,0.007077816614649814,2
11,894854,894594,0.007077816614649814,2
11,894854,894852,0.007077816614649814,1
11,894854,894596,0.007077816614649814,2
11,894854,763782,0.007077816614649814,2
11,894854,649094,0.007077816614649814,2
11,894854,631686,0.007077816614649814,2
11,894854,913286,0.007077816614649814,2
11,894854,911238,0.007077816614649814,1
11,894854,910214,0.007077816614649814,2
11,894854,911234,0.007077816614649814,2
11,894854,1017734,0.007077816614649814,2
11,894854,1024902,0.007077816614649814,2
11,894854,886658,0.007077816614649814,2
11,894854,900998,0.007077816614649814,2
11,894854,1030022,0.007077816614649814,2
11,894854,898950,0.007077816614649814,1
11,894854,896903,0.007077816614649814,2
11,894854,886663,0.007077816614649814,2
11,894854,888710,0.007077816614649814,2
11,894854,885638,0.007077816614649814,2
11,894854,886660,0.007077816614649814,2
11,894854,632582,0.007077816614649814,2
11,894854,370562,0.007077816614649814,2
11,894854,370630,0.007077816614649814,2
11,894854,960390,0.007077816614649814,2
11,894854,829318,0.007077816614649814,1
11,894854,305030,0.007077816614649814,2
11,894854,894726,0.007077816614649814,1
11,894854,829190,0.007077816614649814,2
11,894854,886534,0.007077816614649814,2
11,894854,893702,0.007077816614649814,2
11,894854,894470,0.007077816614649814,2
11,894854,894722,0.007077816614649814,2
12,638854,376710,0.006561949802395398,2
12,638854,761734,0.006561949802395398,2
12,638854,769922,0.006561949802395398,2
12,638854,769926,0.006561949802395398,1
12,638854,769958,0.006561949802395398,2
12,638854,896902,0.006561949802395398,2
12,638854,634758,0.006561949802395398,1
12,638854,634630,0.006561949802395398,2
12,638854,769927,0.006561949802395398,2
12,638854,130950,0.006561949802395398,2
12,638854,114567,0.006561949802395398,2
12,638854,114630,0.006561949802395398,2
12,638854,114566,0.006561949802395398,1
12,638854,114562,0.006561949802395398,2
12,638854,114564,0.006561949802395398,2
12,638854,110470,0.006561949802395398,2
12,638854,632710,0.006561949802395398,2
12,638854,901030,0.006561949802395398,2
12,638854,638886,0.006561949802395398,1
12,638854,638882,0.006561949802395398,2
12,638854,638884,0.006561949802395398,2
12,638854,245638,0.006561949802395398,2
12,638854,638848,0.006561949802395398,2
12,638854,651142,0.006561949802395398,2
12,638854,636807,0.006561949802395398,2
12,638854,636806,0.006561949802395398,1
12,638854,636802,0.006561949802395398,2
12,638854,636804,0.006561949802395398,2
12,638854,634502,0.006561949802395398,2
12,638854,655234,0.006561949802395398,2
12,638854,634754,0.006561949802395398,2
12,638854,765830,0.006561949802395398,2
12,638854,655239,0.006561949802395398,2
12,638854,655238,0.006561949802395398,1
12,638854,653190,0.006561949802395398,2
12,638854,655236,0.006561949802395398,2
12,638854,638851,0.006561949802395398,2
12,638854,638850,0.006561949802395398,1
12,638854,601990,0.006561949802395398,2
12,638854,633734,0.006561949802395398,2
12,638854,634756,0.006561949802395398,2
12,638854,638887,0.006561949802395398,2
12,638854,638902,0.006561949802395398,2
12,638854,638630,0.006561949802395398,2
12,638854,654982,0.006561949802395398,2
12,638854,767878,0.006561949802395398,2
12,638854,768902,0.006561949802395398,2
12,638854,637830,0.006561949802395398,1
12,638854,635782,0.006561949802395398,2
12,638854,634759,0.006561949802395398,2
12,638854,655110,0.006561949802395398,2
12,638854,769798,0.006561949802395398,2
12,638854,900870,0.006561949802395398,2
12,638854,638726,0.006561949802395398,1
12,638854,638470,0.006561949802395398,2
12,638854,1032070,0.006561949802395398,2
12,638854,900998,0.006561949802395398,1
12,638854,898950,0.006561949802395398,2
12,638854,626566,0.006561949802395398,2
12,638854,769670,0.006561949802395398,2
12,638854,769942,0.006561949802395398,2
12,638854,636678,0.006561949802395398,2
13,886662,821124,0.006474200425239596,2
13,886662,493446,0.006474200425239596,2
13,886662,361350,0.006474200425239596,2
13,886662,364422,0.006474200425239596,2
13,886662,366470,0.006474200425239596,2
13,886662,370566,0.006474200425239596,2
13,886662,362374,0.006474200425239596,1
13,886662,362372,0.006474200425239596,2
13,886662,1017606,0.006474200425239596,2
13,886662,896902,0.006474200425239596,2
13,886662,903044,0.006474200425239596,2
13,886662,894854,0.006474200425239596,1
13,886662,893830,0.006474200425239596,2
13,886662,894598,0.006474200425239596,2
13,886662,1034118,0.006474200425239596,2
13,886662,894850,0.006474200425239596,2
13,886662,624582,0.006474200425239596,2
13,886662,632710,0.006474200425239596,2
13,886662,624518,0.006474200425239596,1
13,886662,624514,0.006474200425239596,2
13,886662,894855,0.006474200425239596,2
13,886662,1025926,0.006474200425239596,2
13,886662,894852,0.006474200425239596,2
13,886662,911238,0.006474200425239596,2
13,886662,378758,0.006474200425239596,2
13,886662,1019782,0.006474200425239596,2
13,886662,1017734,0.006474200425239596,1
13,886662,1016710,0.006474200425239596,2
13,886662,1017730,0.006474200425239596,2
13,886662,362118,0.006474200425239596,2
13,886662,362246,0.006474200425239596,2
13,886662,886658,0.006474200425239596,1
13,886662,898950,0.006474200425239596,2
13,886662,888708,0.006474200425239596,2
13,886662,626566,0.006474200425239596,2
13,886662,1017732,0.006474200425239596,2
13,886662,886663,0.006474200425239596,1
13,886662,100230,0.006474200425239596,2
13,886662,362382,0.006474200425239596,2
13,886662,1017735,0.006474200425239596,2
13,886662,888710,0.006474200425239596,1
13,886662,887686,0.006474200425239596,2
13,886662,885638,0.006474200425239596,1
13,886662,886660,0.006474200425239596,1
13,886662,1021830,0.006474200425239596,2
13,886662,362370,0.006474200425239596,2
13,886662,886278,0.006474200425239596,2
13,886662,829318,0.006474200425239596,2
13,886662,894726,0.006474200425239596,2
13,886662,886534,0.006474200425239596,1
13,886662,820998,0.006474200425239596,2
13,886662,885510,0.006474200425239596,2
13,886662,886530,0.006474200425239596,2
13,886662,1017478,0.006474200425239596,2
14,501638,370564,0.006433445165403698,2
14,501638,493447,0.006433445165403698,2
14,501638,495494,0.006433445165403698,2
14,501638,493446,0.006433445165403698,1
14,501638,427910,0.006433445165403698,2
14,501638,460678,0.006433445165403698,2
14,501638,369542,0.006433445165403698,2
14,501638,372614,0.006433445165403698,2
14,501638,374662,0.006433445165403698,2
14,501638,370566,0.006433445165403698,1
14,501638,362374,0.006433445165403698,2
14,501638,516998,0.006433445165403698,2
14,501638,1025927,0.006433445165403698,2
14,501638,1027974,0.006433445165403698,2
14,501638,520070,0.006433445165403698,2
14,501638,522118,0.006433445165403698,2
14,501638,518022,0.006433445165403698,1
14,501638,894854,0.006433445165403698,2
14,501638,501506,0.006433445165403698,2
14,501638,518020,0.006433445165403698,2
14,501638,108422,0.006433445165403698,2
14,501638,1042310,0.006433445165403698,2
14,501638,503687,0.006433445165403698,2
14,501638,507782,0.006433445165403698,2
14,501638,503686,0.006433445165403698,1
14,501638,241542,0.006433445165403698,2
14,501638,503684,0.006433445165403698,2
14,501638,500614,0.006433445165403698,1
14,501638,500610,0.006433445165403698,2
14,501638,500612,0.006433445165403698,2
14,501638,436102,0.006433445165403698,1
14,501638,1025926,0.006433445165403698,1
14,501638,1025924,0.006433445165403698,2
14,501638,370438,0.006433445165403698,2
14,501638,503558,0.006433445165403698,2
14,501638,1025670,0.006433445165403698,2
14,501638,1025922,0.006433445165403698,2
14,501638,763782,0.006433445165403698,2
14,501638,1017734,0.006433445165403698,2
14,501638,1024902,0.006433445165403698,2
14,501638,518023,0.006433445165403698,2
14,501638,501634,0.006433445165403698,1
14,501638,501122,0.006433445165403698,2
14,501638,1030022,0.006433445165403698,2
14,501638,493442,0.006433445165403698,2
14,501638,502662,0.006433445165403698,2
14,501638,492422,0.006433445165403698,2
14,501638,501636,0.006433445165403698,1
14,501638,493444,0.006433445165403698,2
14,501638,503682,0.006433445165403698,2
14,501638,370562,0.006433445165403698,2
14,501638,370630,0.006433445165403698,2
14,501638,960390,0.006433445165403698,2
14,501638,305030,0.006433445165403698,2
15,370566,305028,0.006258125675068284,2
15,370566,370564,0.006258125675068284,1
15,370566,493446,0.006258125675068284,2
15,370566,371590,0.006258125675068284,2
15,370566,373638,0.006258125675068284,2
15,370566,369542,0.006258125675068284,1
15,370566,361350,0.006258125675068284,2
15,370566,376710,0.006258125675068284,2
15,370566,372614,0.006258125675068284,1
15,370566,364422,0.006258125675068284,2
15,370566,374662,0.006258125675068284,1
15,370566,366470,0.006258125675068284,2
15,370566,362374,0.006258125675068284,1
15,370566,372612,0.006258125675068284,2
15,370566,374660,0.006258125675068284,2
15,370566,362372,0.006258125675068284,2
15,370566,369540,0.006258125675068284,2
15,370566,372610,0.006258125675068284,2
15,370566,501638,0.006258125675068284,1
15,370566,896902,0.006258125675068284,2
15,370566,886662,0.006258125675068284,2
15,370566,518022,0.006258125675068284,2
15,370566,894854,0.006258125675068284,1
15,370566,893830,0.006258125675068284,2
15,370566,894598,0.006258125675068284,2
15,370566,385926,0.006258125675068284,2
15,370566,124806,0.006258125675068284,2
15,370566,108423,0.006258125675068284,2
15,370566,110470,0.006258125675068284,2
15,370566,108422,0.006258125675068284,1
15,370566,108420,0.006258125675068284,2
15,370566,894850,0.006258125675068284,2
15,370566,632710,0.006258125675068284,2
15,370566,503686,0.006258125675068284,2
15,370566,500614,0.006258125675068284,2
15,370566,894855,0.006258125675068284,2
15,370566,436102,0.006258125675068284,2
15,370566,1025926,0.006258125675068284,2
15,370566,372615,0.006258125675068284,2
15,370566,374534,0.006258125675068284,2
15,370566,370438,0.006258125675068284,1
15,370566,894852,0.006258125675068284,2
15,370566,911238,0.006258125675068284,2
15,370566,378758,0.006258125675068284,2
15,370566,362118,0.006258125675068284,2
15,370566,362246,0.006258125675068284,2
15,370566,501634,0.006258125675068284,2
15,370566,388998,0.006258125675068284,2
15,370566,898950,0.006258125675068284,2
15,370566,501636,0.006258125675068284,2
15,370566,100230,0.006258125675068284,2
15,370566,362382,0.006258125675068284,2
15,370566,369543,0.006258125675068284,2
15,370566,386948,0.006258125675068284,2
15,370566,370308,0.006258125675068284,2
15,370566,370436,0.006258125675068284,2
15,370566,362370,0.006258125675068284,2
15,370566,370562,0.006258125675068284,1
15,370566,370630,0.006258125675068284,1
15,370566,829318,0.006258125675068284,2
15,370566,305030,0.006258125675068284,1
15,370566,894726,0.006258125675068284,2
16,1042310,976775,0.006180657945709727,2
16,1042310,1041286,0.006180657945709727,1
16,1042310,516998,0.006180657945709727,2
16,1042310,1025927,0.006180657945709727,2
16,1042310,1027974,0.006180657945709727,2
16,1042310,1048454,0.006180657945709727,2
16,1042310,1044358,0.006180657945709727,1
16,1042310,501638,0.006180657945709727,2
16,1042310,520070,0.006180657945709727,2
16,1042310,522118,0.006180657945709727,2
16,1042310,518022,0.006180657945709727,1
16,1042310,894854,0.006180657945709727,2
16,1042310,1042304,0.006180657945709727,2
16,1042310,518020,0.006180657945709727,2
16,1042310,1042316,0.006180657945709727,2
16,1042310,911239,0.006180657945709727,2
16,1042310,910982,0.006180657945709727,2
16,1042310,1011590,0.006180657945709727,2
16,1042310,1036166,0.006180657945709727,2
16,1042310,1009542,0.006180657945709727,1
16,1042310,1034118,0.006180657945709727,1
16,1042310,1001350,0.006180657945709727,2
16,1042310,1043846,0.006180657945709727,2
16,1042310,1041798,0.006180657945709727,1
16,1042310,1009030,0.006180657945709727,2
16,1042310,1033606,0.006180657945709727,2
16,1042310,1044356,0.006180657945709727,2
16,1042310,1042118,0.006180657945709727,2
16,1042310,1044102,0.006180657945709727,2
16,1042310,1042054,0.006180657945709727,1
16,1042310,1042050,0.006180657945709727,2
16,1042310,1041030,0.006180657945709727,2
16,1042310,1041158,0.006180657945709727,2
16,1042310,1025926,0.006180657945709727,1
16,1042310,1025924,0.006180657945709727,2
16,1042310,782214,0.006180657945709727,2
16,1042310,1025670,0.006180657945709727,2
16,1042310,1025922,0.006180657945709727,2
16,1042310,763782,0.006180657945709727,2
16,1042310,1041287,0.006180657945709727,2
16,1042310,649094,0.006180657945709727,2
16,1042310,913286,0.006180657945709727,2
16,1042310,911238,0.006180657945709727,1
16,1042310,910214,0.006180657945709727,2
16,1042310,911234,0.006180657945709727,2
16,1042310,1041926,0.006180657945709727,2
16,1042310,1017734,0.006180657945709727,2
16,1042310,1024902,0.006180657945709727,2
16,1042310,1044359,0.006180657945709727,2
16,1042310,1042311,0.006180657945709727,1
16,1042310,518023,0.006180657945709727,2
16,1042310,1030022,0.006180657945709727,2
16,1042310,1044354,0.006180657945709727,2
16,1042310,1043334,0.006180657945709727,2
16,1042310,1033990,0.006180657945709727,2
16,1042310,1044230,0.006180657945709727,2
16,1042310,1046278,0.006180657945709727,2
16,1042310,1042182,0.006180657945709727,1
16,1042310,976646,0.006180657945709727,2
16,1042310,1046402,0.006180657945709727,2
16,1042310,1042306,0.006180657945709727,1
16,1042310,1041282,0.006180657945709727,2
16,1042310,1046406,0.006180657945709727,1
16,1042310,1038214,0.006180657945709727,2
16,1042310,1045382,0.006180657945709727,2
16,1042310,1033094,0.006180657945709727,2
16,1042310,1034119,0.006180657945709727,2
16,1042310,780167,0.006180657945709727,2
16,1042310,960390,0.006180657945709727,2
17,493446,495495,0.005837286671106421,2
17,493446,493447,0.005837286671106421,1
17,493446,427911,0.005837286671106421,2
17,493446,460679,0.005837286671106421,2
17,493446,495494,0.005837286671106421,1
17,493446,429958,0.005837286671106421,2
17,493446,462726,0.005837286671106421,2
17,493446,427910,0.005837286671106421,1
17,493446,460678,0.005837286671106421,1
17,493446,395142,0.005837286671106421,2
17,493446,361350,0.005837286671106421,2
17,493446,364422,0.005837286671106421,2
17,493446,366470,0.005837286671106421,2
17,493446,370566,0.005837286671106421,2
17,493446,362374,0.005837286671106421,1
17,493446,362372,0.005837286671106421,2
17,493446,1017606,0.005837286671106421,2
17,493446,501638,0.005837286671106421,1
17,493446,886662,0.005837286671106421,2
17,493446,518022,0.005837286671106421,2
17,493446,1034118,0.005837286671106421,2
17,493446,503686,0.005837286671106421,2
17,493446,500614,0.005837286671106421,2
17,493446,436102,0.005837286671106421,2
17,493446,1025926,0.005837286671106421,2
17,493446,378758,0.005837286671106421,2
17,493446,1019782,0.005837286671106421,2
17,493446,1017734,0.005837286671106421,1
17,493446,1016710,0.005837286671106421,2
17,493446,1017730,0.005837286671106421,2
17,493446,362118,0.005837286671106421,2
17,493446,362246,0.005837286671106421,2
17,493446,501634,0.005837286671106421,2
17,493446,493442,0.005837286671106421,1
17,493446,1017732,0.005837286671106421,2
17,493446,494470,0.005837286671106421,2
17,493446,492422,0.005837286671106421,1
17,493446,495492,0.005837286671106421,2
17,493446,501636,0.005837286671106421,2
17,493446,493444,0.005837286671106421,1
17,493446,492420,0.005837286671106421,2
17,493446,100230,0.005837286671106421,2
17,493446,362382,0.005837286671106421,2
17,493446,1017735,0.005837286671106421,2
17,493446,509831,0.005837286671106421,2
17,493446,1021830,0.005837286671106421,2
17,493446,362370,0.005837286671106421,2
17,493446,495490,0.005837286671106421,2
17,493446,493186,0.005837286671106421,2
17,493446,493314,0.005837286671106421,2
17,493446,513926,0.005837286671106421,2
17,493446,1017478,0.005837286671106421,2
18,362368,296836,0.0057514692181761225,2
18,362368,370564,0.0057514692181761225,2
18,362368,362374,0.0057514692181761225,2
18,362368,364420,0.0057514692181761225,2
18,362368,366468,0.0057514692181761225,2
18,362368,362372,0.0057514692181761225,1
18,362368,361348,0.0057514692181761225,2
18,362368,362114,0.0057514692181761225,2
18,362368,364160,0.0057514692181761225,2
18,362368,362112,0.0057514692181761225,1
18,362368,361088,0.0057514692181761225,2
18,362368,894848,0.0057514692181761225,2
18,362368,100226,0.0057514692181761225,2
18,362368,386944,0.0057514692181761225,2
18,362368,108416,0.0057514692181761225,2
18,362368,372608,0.0057514692181761225,2
18,362368,100225,0.0057514692181761225,2
18,362368,362242,0.0057514692181761225,2
18,362368,361346,0.0057514692181761225,2
18,362368,886658,0.0057514692181761225,2
18,362368,329600,0.0057514692181761225,1
18,362368,885632,0.0057514692181761225,2
18,362368,493442,0.0057514692181761225,2
18,362368,493444,0.0057514692181761225,2
18,362368,361344,0.0057514692181761225,1
18,362368,295808,0.0057514692181761225,2
18,362368,886660,0.0057514692181761225,2
18,362368,362370,0.0057514692181761225,1
18,362368,370562,0.0057514692181761225,2
18,362368,370568,0.0057514692181761225,2
18,362368,362376,0.0057514692181761225,1
18,362368,362248,0.0057514692181761225,2
18,362368,361984,0.0057514692181761225,2
18,362368,624512,0.0057514692181761225,2
18,362368,100224,0.0057514692181761225,1
19,1032070,376710,0.005637525869608882,2
19,1032070,1031054,0.005637525869608882,2
19,1032070,1031062,0.005637525869608882,2
19,1032070,1031078,0.005637525869608882,2
19,1032070,1031110,0.005637525869608882,2
19,1032070,1031046,0.005637525869608882,1
19,1032070,1030918,0.005637525869608882,2
19,1032070,761734,0.005637525869608882,2
19,1032070,769922,0.005637525869608882,2
19,1032070,1027975,0.005637525869608882,2
19,1032070,769926,0.005637525869608882,1
19,1032070,769958,0.005637525869608882,2
19,1032070,1027974,0.005637525869608882,1
19,1032070,1026950,0.005637525869608882,2
19,1032070,1048454,0.005637525869608882,1
19,1032070,1044358,0.005637525869608882,2
19,1032070,896902,0.005637525869608882,2
19,1032070,507778,0.005637525869608882,2
19,1032070,1032071,0.005637525869608882,1
19,1032070,1030023,0.005637525869608882,2
19,1032070,524166,0.005637525869608882,2
19,1032070,769927,0.005637525869608882,2
19,1032070,638854,0.005637525869608882,2
19,1032070,901030,0.005637525869608882,2
19,1032070,507783,0.005637525869608882,2
19,1032070,507782,0.005637525869608882,1
19,1032070,245638,0.005637525869608882,2
19,1032070,503686,0.005637525869608882,2
19,1032070,507780,0.005637525869608882,2
19,1032070,1025926,0.005637525869608882,2
19,1032070,1027972,0.005637525869608882,2
19,1032070,1031047,0.005637525869608882,2
19,1032070,765830,0.005637525869608882,2
19,1032070,767878,0.005637525869608882,2
19,1032070,768902,0.005637525869608882,2
19,1032070,1048326,0.005637525869608882,2
19,1032070,1031942,0.005637525869608882,1
19,1032070,769798,0.005637525869608882,2
19,1032070,900870,0.005637525869608882,2
19,1032070,1031686,0.005637525869608882,2
19,1032070,1019782,0.005637525869608882,2
19,1032070,1027970,0.005637525869608882,2
19,1032070,1048470,0.005637525869608882,2
19,1032070,1048486,0.005637525869608882,2
19,1032070,1048198,0.005637525869608882,2
19,1032070,1048450,0.005637525869608882,2
19,1032070,900998,0.005637525869608882,1
19,1032070,1030022,0.005637525869608882,1
19,1032070,898950,0.005637525869608882,2
19,1032070,1027718,0.005637525869608882,2
19,1032070,1032066,0.005637525869608882,1
19,1032070,999303,0.005637525869608882,2
19,1032070,1031815,0.005637525869608882,2
19,1032070,1031943,0.005637525869608882,2
19,1032070,1032067,0.005637525869608882,2
19,1032070,1031814,0.005637525869608882,1
19,1032070,769670,0.005637525869608882,2
19,1032070,1031810,0.005637525869608882,2
19,1032070,1031938,0.005637525869608882,2
19,1032070,1023879,0.005637525869608882,2
19,1032070,1040262,0.005637525869608882,2
19,1032070,1046406,0.005637525869608882,2
19,1032070,1047430,0.005637525869608882,2
19,1032070,1032068,0.005637525869608882,1
19,1032070,1032079,0.005637525869608882,2
19,1032070,1048455,0.005637525869608882,2
19,1032070,1032086,0.005637525869608882,1
19,1032070,769942,0.005637525869608882,2
19,1032070,1023894,0.005637525869608882,2
19,1032070,1027990,0.005637525869608882,2
19,1032070,1023878,0.005637525869608882,1
19,1032070,1032082,0.005637525869608882,2
19,1032070,1023874,0.005637525869608882,2
19,1032070,1021830,0.005637525869608882,2
19,1032070,1022854,0.005637525869608882,2
19,1032070,1028998,0.005637525869608882,2
19,1032070,1030018,0.005637525869608882,2
19,1032070,1031042,0.005637525869608882,2
19,1032070,507654,0.005637525869608882,2
19,1032070,1032102,0.005637525869608882,1
19,1032070,966566,0.005637525869608882,2
19,1032070,999334,0.005637525869608882,2
19,1032070,1031846,0.005637525869608882,2
19,1032070,1031974,0.005637525869608882,2
19,1032070,1032098,0.005637525869608882,2
19,1032070,1032110,0.005637525869608882,2
19,1032070,1027982,0.005637525869608882,2
